date,INR
10/03/2019,69.9977 INR
9/03/2019,70.0041 INR
8/03/2019,70.0203 INR
7/03/2019,70.2056 INR
6/03/2019,70.0802 INR
5/03/2019,70.4987 INR
4/03/2019,70.9108 INR
3/03/2019,71.0002 INR
2/03/2019,71.0014 INR
1/03/2019,70.999 INR
28/02/2019,70.8181 INR
27/02/2019,71.2032 INR
26/02/2019,70.9445 INR
25/02/2019,70.8335 INR
24/02/2019,71.0423 INR
23/02/2019,71.0326 INR
22/02/2019,71.036 INR
21/02/2019,71.1965 INR
20/02/2019,71.0567 INR
19/02/2019,71.2958 INR
18/02/2019,71.3846 INR
17/02/2019,71.329 INR
16/02/2019,71.3307 INR
15/02/2019,71.3355 INR
14/02/2019,71.02 INR
13/02/2019,70.8751 INR
12/02/2019,70.5529 INR
11/02/2019,71.2372 INR
10/02/2019,71.1595 INR
9/02/2019,71.1599 INR
8/02/2019,71.1598 INR
7/02/2019,71.3028 INR
6/02/2019,71.5535 INR
5/02/2019,71.5259 INR
4/02/2019,71.6966 INR
3/02/2019,71.4608 INR
2/02/2019,71.4638 INR
1/02/2019,71.4638 INR
31/01/2019,70.96 INR
30/01/2019,71.1302 INR
29/01/2019,71.431 INR
28/01/2019,71.1009 INR
27/01/2019,70.9862 INR
26/01/2019,70.9773 INR
25/01/2019,70.9848 INR
24/01/2019,71.0008 INR
23/01/2019,71.1604 INR
22/01/2019,71.2378 INR
21/01/2019,71.196 INR
20/01/2019,71.2402 INR
19/01/2019,71.2518 INR
18/01/2019,71.2518 INR
17/01/2019,71.0414 INR
16/01/2019,71.0774 INR
15/01/2019,71.1025 INR
14/01/2019,70.7939 INR
13/01/2019,70.378 INR
12/01/2019,70.3791 INR
11/01/2019,70.3828 INR
10/01/2019,70.4213 INR
9/01/2019,70.5598 INR
8/01/2019,70.1349 INR
7/01/2019,69.825 INR
6/01/2019,69.5377 INR
5/01/2019,69.5311 INR
4/01/2019,69.5271 INR
3/01/2019,70.1096 INR
2/01/2019,69.9924 INR
1/01/2019,69.74 INR
31/12/2018,69.5661 INR
30/12/2018,69.9125 INR
29/12/2018,69.925 INR
28/12/2018,69.925 INR
27/12/2018,69.9969 INR
26/12/2018,70.1549 INR
25/12/2018,70.1241 INR
24/12/2018,70.1207 INR
23/12/2018,70.1384 INR
22/12/2018,70.1507 INR
21/12/2018,70.141 INR
20/12/2018,70.089 INR
19/12/2018,70.6956 INR
18/12/2018,70.4942 INR
17/12/2018,71.5933 INR
16/12/2018,71.9222 INR
15/12/2018,71.9639 INR
14/12/2018,71.9639 INR
13/12/2018,71.5275 INR
12/12/2018,71.8411 INR
11/12/2018,72.3328 INR
10/12/2018,72.5164 INR
9/12/2018,71.3722 INR
8/12/2018,71.3751 INR
7/12/2018,71.3751 INR
6/12/2018,70.5635 INR
5/12/2018,70.6525 INR
4/12/2018,70.6403 INR
3/12/2018,70.4822 INR
2/12/2018,69.7703 INR
1/12/2018,69.6475 INR
30/11/2018,69.7196 INR
29/11/2018,69.9347 INR
28/11/2018,70.61 INR
27/11/2018,70.8961 INR
26/11/2018,70.8193 INR
25/11/2018,70.6471 INR
24/11/2018,70.576 INR
23/11/2018,70.6765 INR
22/11/2018,70.8422 INR
21/11/2018,71.1775 INR
20/11/2018,71.4225 INR
19/11/2018,71.7017 INR
18/11/2018,71.785 INR
17/11/2018,71.9807 INR
16/11/2018,71.7846 INR
15/11/2018,71.9011 INR
14/11/2018,72.3784 INR
13/11/2018,72.5632 INR
12/11/2018,72.9286 INR
11/11/2018,72.5471 INR
10/11/2018,72.4812 INR
9/11/2018,72.48 INR
8/11/2018,72.9076 INR
7/11/2018,72.3832 INR
6/11/2018,73.0829 INR
5/11/2018,72.8658 INR
4/11/2018,72.9402 INR
3/11/2018,72.9154 INR
2/11/2018,72.9154 INR
1/11/2018,73.3172 INR
31/10/2018,74.0801 INR
30/10/2018,73.6592 INR
29/10/2018,73.6104 INR
28/10/2018,73.1348 INR
27/10/2018,73.1384 INR
26/10/2018,73.1251 INR
25/10/2018,73.2288 INR
24/10/2018,73.2305 INR
23/10/2018,73.2321 INR
22/10/2018,73.6649 INR
21/10/2018,73.4725 INR
20/10/2018,73.4734 INR
19/10/2018,73.4734 INR
18/10/2018,73.52 INR
17/10/2018,73.5823 INR
16/10/2018,73.4657 INR
15/10/2018,73.7677 INR
14/10/2018,73.6879 INR
13/10/2018,73.6859 INR
12/10/2018,73.6859 INR
11/10/2018,74.049 INR
10/10/2018,74.249 INR
9/10/2018,74.3407 INR
8/10/2018,73.8812 INR
7/10/2018,73.8906 INR
6/10/2018,74.09 INR
5/10/2018,74.0999 INR
4/10/2018,73.6298 INR
3/10/2018,73.3476 INR
2/10/2018,72.924 INR
1/10/2018,73.3672 INR
30/09/2018,72.5142 INR
29/09/2018,72.5151 INR
28/09/2018,72.5151 INR
27/09/2018,72.6169 INR
26/09/2018,72.4179 INR
25/09/2018,72.6804 INR
24/09/2018,72.6888 INR
23/09/2018,72.2416 INR
22/09/2018,72.2361 INR
21/09/2018,72.2149 INR
20/09/2018,72.0373 INR
19/09/2018,72.0138 INR
18/09/2018,72.8528 INR
17/09/2018,72.5418 INR
16/09/2018,72.1013 INR
15/09/2018,72.1047 INR
14/09/2018,72.1047 INR
13/09/2018,72.0004 INR
12/09/2018,71.9358 INR
11/09/2018,72.6584 INR
10/09/2018,72.5755 INR
9/09/2018,72.1041 INR
8/09/2018,72.1033 INR
7/09/2018,72.1035 INR
6/09/2018,71.9432 INR
5/09/2018,71.757 INR
4/09/2018,71.5866 INR
3/09/2018,71.1524 INR
2/09/2018,71.0029 INR
1/09/2018,70.8701 INR
31/08/2018,70.8701 INR
30/08/2018,71.065 INR
29/08/2018,70.6076 INR
28/08/2018,70.2644 INR
27/08/2018,69.955 INR
26/08/2018,69.7745 INR
25/08/2018,69.7753 INR
24/08/2018,69.7753 INR
23/08/2018,70.2874 INR
22/08/2018,69.7988 INR
21/08/2018,69.8126 INR
20/08/2018,69.7633 INR
19/08/2018,69.8295 INR
18/08/2018,69.7951 INR
17/08/2018,69.7951 INR
16/08/2018,70.0138 INR
15/08/2018,70.2781 INR
14/08/2018,69.9602 INR
13/08/2018,69.955 INR
12/08/2018,69.0905 INR
11/08/2018,69.0945 INR
10/08/2018,69.0945 INR
9/08/2018,68.8639 INR
8/08/2018,68.4645 INR
7/08/2018,68.6061 INR
6/08/2018,68.8183 INR
5/08/2018,68.5169 INR
4/08/2018,68.515 INR
3/08/2018,68.515 INR
2/08/2018,68.5543 INR
1/08/2018,68.336 INR
31/07/2018,68.4905 INR
30/07/2018,68.6955 INR
29/07/2018,68.6214 INR
28/07/2018,68.6249 INR
27/07/2018,68.6249 INR
26/07/2018,68.7474 INR
25/07/2018,68.7316 INR
24/07/2018,68.9486 INR
23/07/2018,68.9449 INR
22/07/2018,68.7415 INR
21/07/2018,68.747 INR
20/07/2018,68.745 INR
19/07/2018,68.9453 INR
18/07/2018,68.625 INR
17/07/2018,68.3624 INR
16/07/2018,68.5486 INR
15/07/2018,68.4967 INR
14/07/2018,68.4955 INR
13/07/2018,68.4949 INR
12/07/2018,68.4871 INR
11/07/2018,68.7319 INR
10/07/2018,68.645 INR
9/07/2018,68.6697 INR
8/07/2018,68.7652 INR
7/07/2018,68.7659 INR
6/07/2018,68.765 INR
5/07/2018,68.878 INR
4/07/2018,68.991 INR
3/07/2018,68.5445 INR
2/07/2018,68.715 INR
1/07/2018,68.445 INR
30/06/2018,68.444 INR
29/06/2018,68.4465 INR
28/06/2018,68.8214 INR
27/06/2018,68.9279 INR
26/06/2018,68.3694 INR
25/06/2018,68.1116 INR
24/06/2018,67.8669 INR
23/06/2018,67.866 INR
22/06/2018,67.866 INR
21/06/2018,67.8339 INR
20/06/2018,68.0596 INR
19/06/2018,68.0466 INR
18/06/2018,68.099 INR
17/06/2018,68.156 INR
16/06/2018,68.1757 INR
15/06/2018,68.1757 INR
14/06/2018,67.8659 INR
13/06/2018,67.5264 INR
12/06/2018,67.5957 INR
11/06/2018,67.4939 INR
10/06/2018,67.52 INR
9/06/2018,67.5133 INR
8/06/2018,67.5141 INR
7/06/2018,67.4177 INR
6/06/2018,66.841 INR
5/06/2018,67.0924 INR
4/06/2018,67.0702 INR
3/06/2018,66.935 INR
2/06/2018,66.9996 INR
1/06/2018,66.9347 INR
31/05/2018,67.4396 INR
30/05/2018,67.4406 INR
29/05/2018,67.8349 INR
28/05/2018,67.411 INR
27/05/2018,67.7316 INR
26/05/2018,67.7303 INR
25/05/2018,67.7301 INR
24/05/2018,68.2677 INR
23/05/2018,68.3212 INR
22/05/2018,68.0848 INR
21/05/2018,68.1155 INR
20/05/2018,67.9764 INR
19/05/2018,67.9823 INR
18/05/2018,67.9846 INR
17/05/2018,67.804 INR
16/05/2018,67.7369 INR
15/05/2018,68.478 INR
14/05/2018,67.6873 INR
13/05/2018,67.3759 INR
12/05/2018,67.3916 INR
11/05/2018,67.3934 INR
10/05/2018,67.105 INR
9/05/2018,67.3492 INR
8/05/2018,67.1701 INR
7/05/2018,67.1331 INR
6/05/2018,66.8201 INR
5/05/2018,66.8208 INR
4/05/2018,66.8203 INR
3/05/2018,66.6701 INR
2/05/2018,66.8117 INR
1/05/2018,66.7989 INR
30/04/2018,66.4627 INR
29/04/2018,66.5735 INR
28/04/2018,66.5139 INR
27/04/2018,66.5139 INR
26/04/2018,66.91 INR
25/04/2018,66.92 INR
24/04/2018,66.4159 INR
23/04/2018,66.5468 INR
22/04/2018,66.2062 INR
21/04/2018,66.1991 INR
20/04/2018,66.2084 INR
19/04/2018,66.1255 INR
18/04/2018,65.7202 INR
17/04/2018,65.6812 INR
16/04/2018,65.4679 INR
15/04/2018,65.2062 INR
14/04/2018,65.2061 INR
13/04/2018,65.2061 INR
12/04/2018,65.2892 INR
11/04/2018,65.195 INR
10/04/2018,64.9484 INR
9/04/2018,64.8755 INR
8/04/2018,64.9171 INR
7/04/2018,64.9211 INR
6/04/2018,64.9193 INR
5/04/2018,64.891 INR
4/04/2018,65.0428 INR
3/04/2018,64.915 INR
2/04/2018,65.1342 INR
1/04/2018,65.1161 INR
31/03/2018,65.0815 INR
30/03/2018,65.0795 INR
29/03/2018,65.0346 INR
28/03/2018,65.1553 INR
27/03/2018,64.9027 INR
26/03/2018,64.7068 INR
25/03/2018,65.0214 INR
24/03/2018,65.025 INR
23/03/2018,65.0137 INR
22/03/2018,65.1698 INR
21/03/2018,65.075 INR
20/03/2018,65.2401 INR
19/03/2018,65.2205 INR
18/03/2018,65.079 INR
17/03/2018,65.075 INR
16/03/2018,65.075 INR
15/03/2018,65.0181 INR
14/03/2018,64.8429 INR
13/03/2018,64.8445 INR
12/03/2018,64.9602 INR
11/03/2018,64.9727 INR
10/03/2018,64.9499 INR
9/03/2018,64.9499 INR
8/03/2018,65.0981 INR
7/03/2018,64.8985 INR
6/03/2018,64.8423 INR
5/03/2018,65.0162 INR
4/03/2018,65.1967 INR
3/03/2018,65.1953 INR
2/03/2018,65.1967 INR
1/03/2018,65.1559 INR
28/02/2018,65.2619 INR
27/02/2018,64.9217 INR
26/02/2018,64.788 INR
25/02/2018,64.7647 INR
24/02/2018,64.8976 INR
23/02/2018,64.9 INR
22/02/2018,64.9635 INR
21/02/2018,64.9029 INR
20/02/2018,64.8749 INR
19/02/2018,64.5157 INR
18/02/2018,64.39 INR
17/02/2018,64.39 INR
16/02/2018,64.3872 INR
15/02/2018,63.9017 INR
14/02/2018,64.0357 INR
13/02/2018,64.264 INR
12/02/2018,64.289 INR
11/02/2018,64.2527 INR
10/02/2018,64.2214 INR
9/02/2018,64.2211 INR
8/02/2018,64.4484 INR
7/02/2018,64.2079 INR
6/02/2018,64.2107 INR
5/02/2018,64.3249 INR
4/02/2018,64.1414 INR
3/02/2018,64.1779 INR
2/02/2018,64.2115 INR
1/02/2018,63.8983 INR
31/01/2018,63.6748 INR
30/01/2018,63.7809 INR
29/01/2018,63.6797 INR
28/01/2018,63.5938 INR
27/01/2018,63.6022 INR
26/01/2018,63.6022 INR
25/01/2018,63.5764 INR
24/01/2018,63.5864 INR
23/01/2018,63.7601 INR
22/01/2018,63.8881 INR
21/01/2018,63.8393 INR
20/01/2018,63.8444 INR
19/01/2018,63.8444 INR
18/01/2018,63.8754 INR
17/01/2018,63.8344 INR
16/01/2018,64.0186 INR
15/01/2018,63.5281 INR
14/01/2018,63.5986 INR
13/01/2018,63.5933 INR
12/01/2018,63.6094 INR
11/01/2018,63.6912 INR
10/01/2018,63.768 INR
9/01/2018,63.6494 INR
8/01/2018,63.4629 INR
7/01/2018,63.2965 INR
6/01/2018,63.3073 INR
5/01/2018,63.3073 INR
4/01/2018,63.3949 INR
3/01/2018,63.4336 INR
2/01/2018,63.4699 INR
1/01/2018,63.8784 INR
31/12/2017,63.8519 INR
30/12/2017,63.8485 INR
29/12/2017,63.8592 INR
28/12/2017,64.0703 INR
27/12/2017,64.1233 INR
26/12/2017,64.0383 INR
25/12/2017,64.0205 INR
24/12/2017,64.0188 INR
23/12/2017,64.0178 INR
22/12/2017,64.0204 INR
21/12/2017,64.02 INR
20/12/2017,63.9741 INR
19/12/2017,64.0565 INR
18/12/2017,64.2101 INR
17/12/2017,64.0831 INR
16/12/2017,64.0669 INR
15/12/2017,64.0669 INR
14/12/2017,64.2857 INR
13/12/2017,64.3285 INR
12/12/2017,64.5588 INR
11/12/2017,64.3586 INR
10/12/2017,64.4838 INR
9/12/2017,64.4881 INR
8/12/2017,64.4866 INR
7/12/2017,64.5544 INR
6/12/2017,64.5238 INR
5/12/2017,64.3639 INR
4/12/2017,64.3623 INR
3/12/2017,64.5096 INR
2/12/2017,64.5088 INR
1/12/2017,64.5088 INR
30/11/2017,64.5112 INR
29/11/2017,64.425 INR
28/11/2017,64.4724 INR
27/11/2017,64.4531 INR
26/11/2017,64.5649 INR
25/11/2017,64.5551 INR
24/11/2017,64.5575 INR
23/11/2017,64.5884 INR
22/11/2017,64.7843 INR
21/11/2017,64.7693 INR
20/11/2017,65.0372 INR
19/11/2017,64.914 INR
18/11/2017,65.0156 INR
17/11/2017,65.0156 INR
16/11/2017,65.2194 INR
15/11/2017,65.2987 INR
14/11/2017,65.4212 INR
13/11/2017,65.4418 INR
12/11/2017,64.8072 INR
11/11/2017,65.3177 INR
10/11/2017,65.3177 INR
9/11/2017,64.9703 INR
8/11/2017,64.9282 INR
7/11/2017,65.1734 INR
6/11/2017,64.593 INR
5/11/2017,64.7037 INR
4/11/2017,64.7059 INR
3/11/2017,64.705 INR
2/11/2017,64.5076 INR
1/11/2017,64.5557 INR
31/10/2017,64.6728 INR
30/10/2017,64.8382 INR
29/10/2017,64.9692 INR
28/10/2017,64.886 INR
27/10/2017,64.886 INR
26/10/2017,64.9924 INR
25/10/2017,64.8475 INR
24/10/2017,65.0894 INR
23/10/2017,65.0196 INR
22/10/2017,65.1173 INR
21/10/2017,65.1218 INR
20/10/2017,65.1514 INR
19/10/2017,64.8921 INR
18/10/2017,65.0665 INR
17/10/2017,64.9361 INR
16/10/2017,64.7022 INR
15/10/2017,64.6864 INR
14/10/2017,64.6879 INR
13/10/2017,64.6662 INR
12/10/2017,65.0575 INR
11/10/2017,65.1724 INR
10/10/2017,65.2575 INR
9/10/2017,65.4238 INR
8/10/2017,65.4228 INR
7/10/2017,65.403 INR
6/10/2017,65.4004 INR
5/10/2017,65.2076 INR
4/10/2017,65.024 INR
3/10/2017,65.4611 INR
2/10/2017,65.581 INR
1/10/2017,65.303 INR
30/09/2017,65.289 INR
29/09/2017,65.289 INR
28/09/2017,65.3726 INR
27/09/2017,65.5349 INR
26/09/2017,65.3547 INR
25/09/2017,65.2751 INR
24/09/2017,64.9121 INR
23/09/2017,64.7594 INR
22/09/2017,64.7594 INR
21/09/2017,64.8151 INR
20/09/2017,64.277 INR
19/09/2017,64.2956 INR
18/09/2017,64.2495 INR
17/09/2017,64.1453 INR
16/09/2017,64.1349 INR
15/09/2017,64.1569 INR
14/09/2017,64.1432 INR
13/09/2017,64.1146 INR
12/09/2017,63.9929 INR
11/09/2017,63.9723 INR
10/09/2017,63.9444 INR
9/09/2017,63.9362 INR
8/09/2017,63.942 INR
7/09/2017,63.96 INR
6/09/2017,64.0603 INR
5/09/2017,64.1168 INR
4/09/2017,64.049 INR
3/09/2017,64.0305 INR
2/09/2017,63.8045 INR
1/09/2017,63.8045 INR
31/08/2017,63.9284 INR
30/08/2017,63.9899 INR
29/08/2017,64.0097 INR
28/08/2017,63.7917 INR
27/08/2017,64.0167 INR
26/08/2017,63.9912 INR
25/08/2017,63.8416 INR
24/08/2017,64.0398 INR
23/08/2017,64.0127 INR
22/08/2017,64.0717 INR
21/08/2017,64.1715 INR
20/08/2017,64.0996 INR
19/08/2017,64.0862 INR
18/08/2017,64.075 INR
17/08/2017,64.1959 INR
16/08/2017,64.0105 INR
15/08/2017,64.2715 INR
14/08/2017,64.1827 INR
13/08/2017,64.0893 INR
12/08/2017,64.0758 INR
11/08/2017,64.0802 INR
10/08/2017,64.1504 INR
9/08/2017,63.9 INR
8/08/2017,63.7131 INR
7/08/2017,63.8459 INR
6/08/2017,63.7015 INR
5/08/2017,63.7535 INR
4/08/2017,63.7535 INR
3/08/2017,63.699 INR
2/08/2017,63.6458 INR
1/08/2017,64.0906 INR
31/07/2017,64.2053 INR
30/07/2017,64.0989 INR
29/07/2017,64.1231 INR
28/07/2017,64.1261 INR
27/07/2017,64.1921 INR
26/07/2017,64.3448 INR
25/07/2017,64.4555 INR
24/07/2017,64.3781 INR
23/07/2017,64.4549 INR
22/07/2017,64.4593 INR
21/07/2017,64.4835 INR
20/07/2017,64.335 INR
19/07/2017,64.2809 INR
18/07/2017,64.3186 INR
17/07/2017,64.3617 INR
16/07/2017,64.2922 INR
15/07/2017,64.2694 INR
14/07/2017,64.2694 INR
13/07/2017,64.4583 INR
12/07/2017,64.3679 INR
11/07/2017,64.5503 INR
10/07/2017,64.4689 INR
9/07/2017,64.6214 INR
8/07/2017,64.5762 INR
7/07/2017,64.5904 INR
6/07/2017,64.7251 INR
5/07/2017,64.8015 INR
4/07/2017,64.7756 INR
3/07/2017,64.8591 INR
2/07/2017,64.6216 INR
1/07/2017,64.6256 INR
30/06/2017,64.6254 INR
29/06/2017,64.8005 INR
28/06/2017,64.5216 INR
27/06/2017,64.5262 INR
26/06/2017,64.4325 INR
25/06/2017,64.4947 INR
24/06/2017,64.4943 INR
23/06/2017,64.4744 INR
22/06/2017,64.595 INR
21/06/2017,64.5522 INR
20/06/2017,64.6418 INR
19/06/2017,64.4906 INR
18/06/2017,64.3984 INR
17/06/2017,64.4388 INR
16/06/2017,64.393 INR
15/06/2017,64.5645 INR
14/06/2017,64.1813 INR
13/06/2017,64.3687 INR
12/06/2017,64.4814 INR
11/06/2017,64.3817 INR
10/06/2017,64.4156 INR
9/06/2017,64.4201 INR
8/06/2017,64.2793 INR
7/06/2017,64.4464 INR
6/06/2017,64.4366 INR
5/06/2017,64.36 INR
4/06/2017,64.3912 INR
3/06/2017,64.4067 INR
2/06/2017,64.2428 INR
1/06/2017,64.3763 INR
31/05/2017,64.4976 INR
30/05/2017,64.6359 INR
29/05/2017,64.5342 INR
28/05/2017,64.5097 INR
27/05/2017,64.5773 INR
26/05/2017,64.5637 INR
25/05/2017,64.5656 INR
24/05/2017,64.7706 INR
23/05/2017,64.8967 INR
22/05/2017,64.472 INR
21/05/2017,64.4806 INR
20/05/2017,64.5745 INR
19/05/2017,64.5606 INR
18/05/2017,64.8854 INR
17/05/2017,64.2917 INR
16/05/2017,64.0084 INR
15/05/2017,64.0499 INR
14/05/2017,64.2171 INR
13/05/2017,64.1581 INR
12/05/2017,64.1581 INR
11/05/2017,64.4117 INR
10/05/2017,64.587 INR
9/05/2017,64.6865 INR
8/05/2017,64.4208 INR
7/05/2017,64.2975 INR
6/05/2017,64.318 INR
5/05/2017,64.318 INR
4/05/2017,64.2184 INR
3/05/2017,64.2484 INR
2/05/2017,64.1043 INR
1/05/2017,64.1981 INR
30/04/2017,64.2778 INR
29/04/2017,64.2386 INR
28/04/2017,64.2532 INR
27/04/2017,64.1 INR
26/04/2017,64.0429 INR
25/04/2017,64.3896 INR
24/04/2017,64.4391 INR
23/04/2017,64.6307 INR
22/04/2017,64.6251 INR
21/04/2017,64.6251 INR
20/04/2017,64.691 INR
19/04/2017,64.6573 INR
18/04/2017,64.6033 INR
17/04/2017,64.425 INR
16/04/2017,64.4597 INR
15/04/2017,64.4641 INR
14/04/2017,64.4249 INR
13/04/2017,64.4797 INR
12/04/2017,64.5534 INR
11/04/2017,64.6596 INR
10/04/2017,64.5849 INR
9/04/2017,64.2643 INR
8/04/2017,64.4609 INR
7/04/2017,64.4592 INR
6/04/2017,64.6233 INR
5/04/2017,65.0304 INR
4/04/2017,65.0762 INR
3/04/2017,64.8892 INR
2/04/2017,64.8171 INR
1/04/2017,64.786 INR
31/03/2017,64.786 INR
30/03/2017,64.8032 INR
29/03/2017,64.7834 INR
28/03/2017,65.0614 INR
27/03/2017,65.0562 INR
26/03/2017,65.3679 INR
25/03/2017,65.3915 INR
24/03/2017,65.3791 INR
23/03/2017,65.4538 INR
22/03/2017,65.3802 INR
21/03/2017,65.5047 INR
20/03/2017,65.3267 INR
19/03/2017,65.4763 INR
18/03/2017,65.4458 INR
17/03/2017,65.4798 INR
16/03/2017,65.4126 INR
15/03/2017,65.6184 INR
14/03/2017,65.7747 INR
13/03/2017,66.1762 INR
12/03/2017,66.4671 INR
11/03/2017,66.4786 INR
10/03/2017,66.458 INR
9/03/2017,66.6939 INR
8/03/2017,66.7858 INR
7/03/2017,66.6135 INR
6/03/2017,66.665 INR
5/03/2017,66.7365 INR
4/03/2017,66.7648 INR
3/03/2017,66.7238 INR
2/03/2017,66.8344 INR
1/03/2017,66.9031 INR
28/02/2017,66.7138 INR
27/02/2017,66.6822 INR
26/02/2017,66.6697 INR
25/02/2017,66.669 INR
24/02/2017,66.758 INR
23/02/2017,66.6964 INR
22/02/2017,66.924 INR
21/02/2017,66.9712 INR
20/02/2017,66.9695 INR
19/02/2017,67.1148 INR
18/02/2017,67.0499 INR
17/02/2017,67.0579 INR
16/02/2017,67.164 INR
15/02/2017,66.8462 INR
14/02/2017,66.7865 INR
13/02/2017,66.9227 INR
12/02/2017,66.8475 INR
11/02/2017,66.8058 INR
10/02/2017,66.8033 INR
9/02/2017,66.729 INR
8/02/2017,67.0009 INR
7/02/2017,67.3848 INR
6/02/2017,67.2065 INR
5/02/2017,67.1833 INR
4/02/2017,67.1711 INR
3/02/2017,67.1708 INR
2/02/2017,67.2821 INR
1/02/2017,67.4255 INR
31/01/2017,67.5299 INR
30/01/2017,67.8287 INR
29/01/2017,68.1346 INR
28/01/2017,68.105 INR
27/01/2017,68.1047 INR
26/01/2017,68.1376 INR
25/01/2017,67.9812 INR
24/01/2017,68.1827 INR
23/01/2017,68.0868 INR
22/01/2017,68.076 INR
21/01/2017,68.0976 INR
20/01/2017,68.0656 INR
19/01/2017,68.0844 INR
18/01/2017,68.302 INR
17/01/2017,67.938 INR
16/01/2017,68.0843 INR
15/01/2017,68.1579 INR
14/01/2017,68.1771 INR
13/01/2017,68.1099 INR
12/01/2017,68.0979 INR
11/01/2017,68.1768 INR
10/01/2017,68.322 INR
9/01/2017,68.0777 INR
8/01/2017,68.1826 INR
7/01/2017,68.1415 INR
6/01/2017,68.1837 INR
5/01/2017,67.7683 INR
4/01/2017,67.865 INR
3/01/2017,68.2869 INR
2/01/2017,68.1462 INR
1/01/2017,67.9409 INR
31/12/2016,67.9547 INR
30/12/2016,67.9106 INR
29/12/2016,68.0048 INR
28/12/2016,68.2183 INR
27/12/2016,67.9822 INR
26/12/2016,67.7673 INR
25/12/2016,67.8237 INR
24/12/2016,67.8532 INR
23/12/2016,67.8409 INR
22/12/2016,67.8633 INR
21/12/2016,67.8234 INR
20/12/2016,67.9044 INR
19/12/2016,67.8515 INR
18/12/2016,67.8523 INR
17/12/2016,67.8097 INR
16/12/2016,67.697 INR
15/12/2016,67.7681 INR
14/12/2016,67.5506 INR
13/12/2016,67.4224 INR
12/12/2016,67.433 INR
11/12/2016,67.398 INR
10/12/2016,67.5043 INR
9/12/2016,67.485 INR
8/12/2016,67.4169 INR
7/12/2016,67.5434 INR
6/12/2016,67.8707 INR
5/12/2016,68.024 INR
4/12/2016,67.9731 INR
3/12/2016,68.0934 INR
2/12/2016,68.1355 INR
1/12/2016,68.3586 INR
30/11/2016,68.5394 INR
29/11/2016,68.6247 INR
28/11/2016,68.632 INR
27/11/2016,68.4255 INR
26/11/2016,68.5291 INR
25/11/2016,68.565 INR
24/11/2016,68.7115 INR
23/11/2016,68.606 INR
22/11/2016,68.3205 INR
21/11/2016,68.1687 INR
20/11/2016,68.1741 INR
19/11/2016,68.1532 INR
18/11/2016,68.1251 INR
17/11/2016,67.954 INR
16/11/2016,68.0314 INR
15/11/2016,67.726 INR
14/11/2016,67.6375 INR
13/11/2016,67.5111 INR
12/11/2016,67.497 INR
11/11/2016,67.3514 INR
10/11/2016,66.8823 INR
9/11/2016,66.4899 INR
8/11/2016,66.3326 INR
7/11/2016,66.7136 INR
6/11/2016,66.7199 INR
5/11/2016,66.7338 INR
4/11/2016,66.725 INR
3/11/2016,66.7119 INR
2/11/2016,66.7392 INR
1/11/2016,66.7288 INR
31/10/2016,66.7362 INR
30/10/2016,66.733 INR
29/10/2016,66.8448 INR
28/10/2016,66.8488 INR
27/10/2016,66.8826 INR
26/10/2016,66.836 INR
25/10/2016,66.822 INR
24/10/2016,66.8273 INR
23/10/2016,66.9404 INR
22/10/2016,66.8565 INR
21/10/2016,66.8193 INR
20/10/2016,66.7584 INR
19/10/2016,66.6568 INR
18/10/2016,66.7356 INR
17/10/2016,66.7639 INR
16/10/2016,66.7356 INR
15/10/2016,66.7002 INR
14/10/2016,66.7122 INR
13/10/2016,66.8405 INR
12/10/2016,66.7642 INR
11/10/2016,66.1942 INR
10/10/2016,66.5266 INR
9/10/2016,66.6295 INR
8/10/2016,66.6316 INR
7/10/2016,66.6215 INR
6/10/2016,66.7004 INR
5/10/2016,66.5236 INR
4/10/2016,66.5 INR
3/10/2016,66.4788 INR
2/10/2016,66.6224 INR
1/10/2016,66.6066 INR
30/09/2016,66.6006 INR
29/09/2016,66.7059 INR
28/09/2016,66.397 INR
27/09/2016,66.5342 INR
26/09/2016,66.6386 INR
25/09/2016,66.6753 INR
24/09/2016,66.6707 INR
23/09/2016,66.6862 INR
22/09/2016,66.7105 INR
21/09/2016,66.9338 INR
20/09/2016,66.9881 INR
19/09/2016,66.9836 INR
18/09/2016,67.0243 INR
17/09/2016,67.0354 INR
16/09/2016,67.0268 INR
15/09/2016,66.9323 INR
14/09/2016,66.8593 INR
13/09/2016,67.0436 INR
12/09/2016,66.8354 INR
11/09/2016,66.8787 INR
10/09/2016,66.8201 INR
9/09/2016,66.773 INR
8/09/2016,66.5042 INR
7/09/2016,66.4559 INR
6/09/2016,66.3816 INR
5/09/2016,66.5968 INR
4/09/2016,66.6758 INR
3/09/2016,66.693 INR
2/09/2016,66.7346 INR
1/09/2016,66.9115 INR
31/08/2016,66.9806 INR
30/08/2016,67.1118 INR
29/08/2016,67.1489 INR
28/08/2016,67.1334 INR
27/08/2016,67.1025 INR
26/08/2016,67.1108 INR
25/08/2016,67.0665 INR
24/08/2016,67.2155 INR
23/08/2016,67.1481 INR
22/08/2016,67.2067 INR
21/08/2016,67.1641 INR
20/08/2016,67.0895 INR
19/08/2016,67.0534 INR
18/08/2016,66.8628 INR
17/08/2016,66.8556 INR
16/08/2016,66.8504 INR
15/08/2016,66.8597 INR
14/08/2016,66.9149 INR
13/08/2016,66.8759 INR
12/08/2016,66.8711 INR
11/08/2016,66.7455 INR
10/08/2016,66.7537 INR
9/08/2016,66.8158 INR
8/08/2016,66.8039 INR
7/08/2016,66.8095 INR
6/08/2016,66.8022 INR
5/08/2016,66.8121 INR
4/08/2016,66.8412 INR
3/08/2016,66.7905 INR
2/08/2016,66.736 INR
1/08/2016,66.7246 INR
31/07/2016,66.8232 INR
30/07/2016,66.8085 INR
29/07/2016,66.8615 INR
28/07/2016,67.0513 INR
27/07/2016,67.1525 INR
26/07/2016,67.2525 INR
25/07/2016,67.5348 INR
24/07/2016,67.2421 INR
23/07/2016,67.3001 INR
22/07/2016,67.3057 INR
21/07/2016,67.1482 INR
20/07/2016,67.1728 INR
19/07/2016,67.1504 INR
18/07/2016,67.0962 INR
17/07/2016,67.1332 INR
16/07/2016,67.0954 INR
15/07/2016,67.0569 INR
14/07/2016,66.8539 INR
13/07/2016,67.1423 INR
12/07/2016,67.0411 INR
11/07/2016,67.1243 INR
10/07/2016,67.213 INR
9/07/2016,67.2105 INR
8/07/2016,67.2321 INR
7/07/2016,67.573 INR
6/07/2016,67.544 INR
5/07/2016,67.5438 INR
4/07/2016,67.2249 INR
3/07/2016,67.227 INR
2/07/2016,67.2579 INR
1/07/2016,67.2795 INR
30/06/2016,67.4276 INR
29/06/2016,67.617 INR
28/06/2016,67.8611 INR
27/06/2016,67.9362 INR
26/06/2016,67.9266 INR
25/06/2016,67.8661 INR
24/06/2016,67.7665 INR
23/06/2016,67.732 INR
22/06/2016,67.4418 INR
21/06/2016,67.5578 INR
20/06/2016,67.4639 INR
19/06/2016,67.0156 INR
18/06/2016,67.0869 INR
17/06/2016,67.1023 INR
16/06/2016,67.2958 INR
15/06/2016,67.1259 INR
14/06/2016,67.2511 INR
13/06/2016,67.2163 INR
12/06/2016,66.9039 INR
11/06/2016,66.864 INR
10/06/2016,66.8213 INR
9/06/2016,66.6998 INR
8/06/2016,66.5862 INR
7/06/2016,66.7351 INR
6/06/2016,66.807 INR
5/06/2016,66.9729 INR
4/06/2016,66.9287 INR
3/06/2016,66.972 INR
2/06/2016,67.3146 INR
1/06/2016,67.3843 INR
31/05/2016,67.1782 INR
30/05/2016,67.1439 INR
29/05/2016,67.0157 INR
28/05/2016,66.9574 INR
27/05/2016,66.9839 INR
26/05/2016,67.0917 INR
25/05/2016,67.3769 INR
24/05/2016,67.6293 INR
23/05/2016,67.4419 INR
22/05/2016,67.4276 INR
21/05/2016,67.4392 INR
20/05/2016,67.4201 INR
19/05/2016,66.9708 INR
18/05/2016,66.772 INR
17/05/2016,66.8071 INR
16/05/2016,66.8395 INR
15/05/2016,66.9706 INR
14/05/2016,66.9117 INR
13/05/2016,66.8747 INR
12/05/2016,66.7075 INR
11/05/2016,66.6333 INR
10/05/2016,66.6448 INR
9/05/2016,66.7041 INR
8/05/2016,66.5798 INR
7/05/2016,66.641 INR
6/05/2016,66.6402 INR
5/05/2016,66.5845 INR
4/05/2016,66.5816 INR
3/05/2016,66.5157 INR
2/05/2016,66.3952 INR
1/05/2016,66.4237 INR
30/04/2016,66.4298 INR
29/04/2016,66.4202 INR
28/04/2016,66.4792 INR
27/04/2016,66.4151 INR
26/04/2016,66.5115 INR
25/04/2016,66.6658 INR
24/04/2016,66.6104 INR
23/04/2016,66.6147 INR
22/04/2016,66.5629 INR
21/04/2016,66.4229 INR
20/04/2016,66.2039 INR
19/04/2016,66.3304 INR
18/04/2016,66.4972 INR
17/04/2016,66.6729 INR
16/04/2016,66.6438 INR
15/04/2016,66.6492 INR
14/04/2016,66.5695 INR
13/04/2016,66.5151 INR
12/04/2016,66.3409 INR
11/04/2016,66.3927 INR
10/04/2016,66.5566 INR
9/04/2016,66.5739 INR
8/04/2016,66.561 INR
7/04/2016,66.6476 INR
6/04/2016,66.4847 INR
5/04/2016,66.3867 INR
4/04/2016,66.1554 INR
3/04/2016,66.2514 INR
2/04/2016,66.2566 INR
1/04/2016,66.2365 INR
31/03/2016,66.2491 INR
30/03/2016,66.4371 INR
29/03/2016,66.4812 INR
28/03/2016,66.7956 INR
27/03/2016,66.8085 INR
26/03/2016,66.8083 INR
25/03/2016,66.8072 INR
24/03/2016,66.8887 INR
23/03/2016,66.7951 INR
22/03/2016,66.6774 INR
21/03/2016,66.54 INR
20/03/2016,66.4714 INR
19/03/2016,66.4287 INR
18/03/2016,66.4701 INR
17/03/2016,66.7211 INR
16/03/2016,67.0925 INR
15/03/2016,67.3014 INR
14/03/2016,67.0999 INR
13/03/2016,66.9508 INR
12/03/2016,66.754 INR
11/03/2016,66.7558 INR
10/03/2016,67.2504 INR
9/03/2016,67.2203 INR
8/03/2016,67.3067 INR
7/03/2016,67.0229 INR
6/03/2016,67.0386 INR
5/03/2016,67.0619 INR
4/03/2016,67.091 INR
3/03/2016,67.2571 INR
2/03/2016,67.5217 INR
1/03/2016,67.8668 INR
29/02/2016,68.3536 INR
28/02/2016,68.7612 INR
27/02/2016,69.0854 INR
26/02/2016,68.7736 INR
25/02/2016,68.698 INR
24/02/2016,68.4517 INR
23/02/2016,68.6709 INR
22/02/2016,68.5901 INR
21/02/2016,68.7613 INR
20/02/2016,68.662 INR
19/02/2016,68.6123 INR
18/02/2016,68.5213 INR
17/02/2016,68.3459 INR
16/02/2016,68.3994 INR
15/02/2016,68.0882 INR
14/02/2016,68.157 INR
13/02/2016,68.1951 INR
12/02/2016,68.1639 INR
11/02/2016,68.3031 INR
10/02/2016,67.9184 INR
9/02/2016,67.8982 INR
8/02/2016,67.9564 INR
7/02/2016,67.8134 INR
6/02/2016,67.8233 INR
5/02/2016,67.7925 INR
4/02/2016,67.6396 INR
3/02/2016,67.9168 INR
2/02/2016,67.956 INR
1/02/2016,67.8456 INR
31/01/2016,67.8286 INR
30/01/2016,67.8783 INR
29/01/2016,67.9159 INR
28/01/2016,68.0639 INR
27/01/2016,68.0939 INR
26/01/2016,67.7495 INR
25/01/2016,67.735 INR
24/01/2016,67.5876 INR
23/01/2016,67.5961 INR
22/01/2016,67.6557 INR
21/01/2016,67.8419 INR
20/01/2016,67.8651 INR
19/01/2016,67.7145 INR
18/01/2016,67.7302 INR
17/01/2016,67.7087 INR
16/01/2016,67.697 INR
15/01/2016,67.6119 INR
14/01/2016,67.1734 INR
13/01/2016,66.9114 INR
12/01/2016,66.8976 INR
11/01/2016,66.7787 INR
10/01/2016,66.8721 INR
9/01/2016,66.7806 INR
8/01/2016,66.7875 INR
7/01/2016,66.85 INR
6/01/2016,66.7082 INR
5/01/2016,66.529 INR
4/01/2016,66.5111 INR
3/01/2016,66.19 INR
2/01/2016,66.2482 INR
1/01/2016,66.2613 INR
31/12/2015,66.1783 INR
30/12/2015,66.3654 INR
29/12/2015,66.2429 INR
28/12/2015,66.0889 INR
27/12/2015,66.0217 INR
26/12/2015,65.8335 INR
25/12/2015,65.8309 INR
24/12/2015,66.0085 INR
23/12/2015,66.1132 INR
22/12/2015,66.2725 INR
21/12/2015,66.24 INR
20/12/2015,66.3025 INR
19/12/2015,66.3239 INR
18/12/2015,66.3445 INR
17/12/2015,66.3984 INR
16/12/2015,66.6729 INR
15/12/2015,66.9096 INR
14/12/2015,67.1282 INR
13/12/2015,67.0788 INR
12/12/2015,66.8102 INR
11/12/2015,66.996 INR
10/12/2015,66.77 INR
9/12/2015,66.868 INR
8/12/2015,66.8208 INR
7/12/2015,66.7457 INR
6/12/2015,66.6574 INR
5/12/2015,66.6885 INR
4/12/2015,66.6631 INR
3/12/2015,66.7192 INR
2/12/2015,66.5574 INR
1/12/2015,66.5153 INR
30/11/2015,66.6156 INR
29/11/2015,66.8426 INR
28/11/2015,66.7945 INR
27/11/2015,66.7488 INR
26/11/2015,66.5309 INR
25/11/2015,66.3573 INR
24/11/2015,66.307 INR
23/11/2015,66.3146 INR
22/11/2015,66.1154 INR
21/11/2015,66.1112 INR
20/11/2015,66.1131 INR
19/11/2015,66.1099 INR
18/11/2015,66.0749 INR
17/11/2015,66.049 INR
16/11/2015,65.9607 INR
15/11/2015,66.1918 INR
14/11/2015,66.0981 INR
13/11/2015,66.0921 INR
12/11/2015,66.1127 INR
11/11/2015,66.1736 INR
10/11/2015,66.2181 INR
9/11/2015,66.3542 INR
8/11/2015,66.0067 INR
7/11/2015,65.9206 INR
6/11/2015,65.8918 INR
5/11/2015,65.7834 INR
4/11/2015,65.3202 INR
3/11/2015,65.5621 INR
2/11/2015,65.5219 INR
1/11/2015,65.3384 INR
31/10/2015,65.3944 INR
30/10/2015,65.3801 INR
29/10/2015,65.3497 INR
28/10/2015,65.0662 INR
27/10/2015,65.0252 INR
26/10/2015,64.9341 INR
25/10/2015,64.9419 INR
24/10/2015,64.9406 INR
23/10/2015,64.9803 INR
22/10/2015,64.9954 INR
21/10/2015,65.106 INR
20/10/2015,64.9773 INR
19/10/2015,64.8847 INR
18/10/2015,64.7196 INR
17/10/2015,64.7452 INR
16/10/2015,64.7396 INR
15/10/2015,64.8152 INR
14/10/2015,64.8954 INR
13/10/2015,65.0566 INR
12/10/2015,64.7611 INR
11/10/2015,64.7459 INR
10/10/2015,64.7286 INR
9/10/2015,64.7777 INR
8/10/2015,64.9324 INR
7/10/2015,64.9856 INR
6/10/2015,65.2083 INR
5/10/2015,65.1956 INR
4/10/2015,65.3053 INR
3/10/2015,65.3141 INR
2/10/2015,65.3262 INR
1/10/2015,65.6211 INR
30/09/2015,65.7084 INR
29/09/2015,65.9705 INR
28/09/2015,66.2703 INR
27/09/2015,66.1991 INR
26/09/2015,66.1721 INR
25/09/2015,66.1862 INR
24/09/2015,66.1156 INR
23/09/2015,66.0639 INR
22/09/2015,65.881 INR
21/09/2015,65.7398 INR
20/09/2015,65.8931 INR
19/09/2015,65.8609 INR
18/09/2015,65.9165 INR
17/09/2015,66.2397 INR
16/09/2015,66.2689 INR
15/09/2015,66.3885 INR
14/09/2015,66.2955 INR
13/09/2015,66.3453 INR
12/09/2015,66.3577 INR
11/09/2015,66.389 INR
10/09/2015,66.3762 INR
9/09/2015,66.6142 INR
8/09/2015,66.4795 INR
7/09/2015,66.7927 INR
6/09/2015,66.6481 INR
5/09/2015,66.591 INR
4/09/2015,66.5375 INR
3/09/2015,66.1563 INR
2/09/2015,66.2565 INR
1/09/2015,66.4163 INR
31/08/2015,66.355 INR
30/08/2015,66.1553 INR
29/08/2015,66.1565 INR
28/08/2015,66.1453 INR
27/08/2015,66.0973 INR
26/08/2015,66.1231 INR
25/08/2015,66.3236 INR
24/08/2015,66.7426 INR
23/08/2015,66.1642 INR
22/08/2015,66.0526 INR
21/08/2015,65.9446 INR
20/08/2015,65.4369 INR
19/08/2015,65.195 INR
18/08/2015,65.4239 INR
17/08/2015,65.3673 INR
16/08/2015,65.0961 INR
15/08/2015,65.1221 INR
14/08/2015,65.1093 INR
13/08/2015,65.0703 INR
12/08/2015,64.7808 INR
11/08/2015,64.2076 INR
10/08/2015,63.7917 INR
9/08/2015,63.7386 INR
8/08/2015,63.7623 INR
7/08/2015,63.7569 INR
6/08/2015,63.7504 INR
5/08/2015,63.7487 INR
4/08/2015,63.8496 INR
3/08/2015,64.1099 INR
2/08/2015,64.0227 INR
1/08/2015,64.0423 INR
31/07/2015,64.0303 INR
30/07/2015,64.0825 INR
29/07/2015,63.8747 INR
28/07/2015,63.9018 INR
27/07/2015,64.1678 INR
26/07/2015,64.0822 INR
25/07/2015,64.0752 INR
24/07/2015,64.02 INR
23/07/2015,63.8022 INR
22/07/2015,63.501 INR
21/07/2015,63.4938 INR
20/07/2015,63.5504 INR
19/07/2015,63.4367 INR
18/07/2015,63.4533 INR
17/07/2015,63.4614 INR
16/07/2015,63.4763 INR
15/07/2015,63.457 INR
14/07/2015,63.3711 INR
13/07/2015,63.4281 INR
12/07/2015,63.3791 INR
11/07/2015,63.3636 INR
10/07/2015,63.3782 INR
9/07/2015,63.3893 INR
8/07/2015,63.4628 INR
7/07/2015,63.4536 INR
6/07/2015,63.3103 INR
5/07/2015,63.3885 INR
4/07/2015,63.3987 INR
3/07/2015,63.4201 INR
2/07/2015,63.3774 INR
1/07/2015,63.6137 INR
30/06/2015,63.7328 INR
29/06/2015,63.7243 INR
28/06/2015,63.5652 INR
27/06/2015,63.5241 INR
26/06/2015,63.5184 INR
25/06/2015,63.5244 INR
24/06/2015,63.5566 INR
23/06/2015,63.5339 INR
22/06/2015,63.5035 INR
21/06/2015,63.4937 INR
20/06/2015,63.5032 INR
19/06/2015,63.5411 INR
18/06/2015,63.74 INR
17/06/2015,64.0469 INR
16/06/2015,64.1698 INR
15/06/2015,64.0687 INR
14/06/2015,64.098 INR
13/06/2015,64.0781 INR
12/06/2015,64.0548 INR
11/06/2015,63.9986 INR
10/06/2015,63.8892 INR
9/06/2015,64.0395 INR
8/06/2015,64.0203 INR
7/06/2015,63.9743 INR
6/06/2015,63.9872 INR
5/06/2015,64.0052 INR
4/06/2015,63.9784 INR
3/06/2015,63.971 INR
2/06/2015,63.71 INR
1/06/2015,63.6595 INR
31/05/2015,63.7674 INR
30/05/2015,63.7871 INR
29/05/2015,63.7964 INR
28/05/2015,63.8141 INR
27/05/2015,63.9111 INR
26/05/2015,63.8786 INR
25/05/2015,63.5123 INR
24/05/2015,63.5216 INR
23/05/2015,63.5101 INR
22/05/2015,63.526 INR
21/05/2015,63.6394 INR
20/05/2015,63.6847 INR
19/05/2015,63.7532 INR
18/05/2015,63.6603 INR
17/05/2015,63.4599 INR
16/05/2015,63.4524 INR
15/05/2015,63.5127 INR
14/05/2015,63.5947 INR
13/05/2015,64.0724 INR
12/05/2015,64.1259 INR
11/05/2015,63.9524 INR
10/05/2015,63.7871 INR
9/05/2015,63.7946 INR
8/05/2015,63.807 INR
7/05/2015,64.1308 INR
6/05/2015,63.6307 INR
5/05/2015,63.4772 INR
4/05/2015,63.6042 INR
3/05/2015,63.6592 INR
2/05/2015,63.6578 INR
1/05/2015,63.6377 INR
30/04/2015,63.4841 INR
29/04/2015,63.3938 INR
28/04/2015,63.1825 INR
27/04/2015,63.3904 INR
26/04/2015,63.6955 INR
25/04/2015,63.6954 INR
24/04/2015,63.6002 INR
23/04/2015,63.2296 INR
22/04/2015,62.9439 INR
21/04/2015,62.8363 INR
20/04/2015,62.9749 INR
19/04/2015,62.5253 INR
18/04/2015,62.4355 INR
17/04/2015,62.4487 INR
16/04/2015,62.341 INR
15/04/2015,62.3954 INR
14/04/2015,62.3656 INR
13/04/2015,62.3887 INR
12/04/2015,62.2485 INR
11/04/2015,62.2851 INR
10/04/2015,62.266 INR
9/04/2015,62.2997 INR
8/04/2015,62.2129 INR
7/04/2015,62.2355 INR
6/04/2015,62.1334 INR
5/04/2015,62.0366 INR
4/04/2015,62.0737 INR
3/04/2015,62.0926 INR
2/04/2015,62.1974 INR
1/04/2015,62.3152 INR
31/03/2015,62.4018 INR
30/03/2015,62.5748 INR
29/03/2015,62.5168 INR
28/03/2015,62.5688 INR
27/03/2015,62.5762 INR
26/03/2015,62.7087 INR
25/03/2015,62.4283 INR
24/03/2015,62.3284 INR
23/03/2015,62.2887 INR
22/03/2015,62.4036 INR
21/03/2015,62.4243 INR
20/03/2015,62.429 INR
19/03/2015,62.5375 INR
18/03/2015,62.545 INR
17/03/2015,62.6922 INR
16/03/2015,62.841 INR
15/03/2015,63.0352 INR
14/03/2015,62.9801 INR
13/03/2015,62.9389 INR
12/03/2015,62.5886 INR
11/03/2015,62.7362 INR
10/03/2015,62.7201 INR
9/03/2015,62.6266 INR
8/03/2015,62.5881 INR
7/03/2015,62.5874 INR
6/03/2015,62.5633 INR
5/03/2015,62.3155 INR
4/03/2015,62.2199 INR
3/03/2015,61.8343 INR
2/03/2015,61.8553 INR
1/03/2015,61.7429 INR
28/02/2015,61.6983 INR
27/02/2015,61.714 INR
26/02/2015,61.7874 INR
25/02/2015,61.9613 INR
24/02/2015,62.1533 INR
23/02/2015,62.2199 INR
22/02/2015,62.1497 INR
21/02/2015,62.2073 INR
20/02/2015,62.19 INR
19/02/2015,62.2204 INR
18/02/2015,62.1783 INR
17/02/2015,62.1368 INR
16/02/2015,62.1999 INR
15/02/2015,62.1033 INR
14/02/2015,62.1261 INR
13/02/2015,62.164 INR
12/02/2015,62.2331 INR
11/02/2015,62.322 INR
10/02/2015,62.2816 INR
9/02/2015,62.1637 INR
8/02/2015,61.9843 INR
7/02/2015,61.921 INR
6/02/2015,61.918 INR
5/02/2015,61.7573 INR
4/02/2015,61.8167 INR
3/02/2015,61.747 INR
2/02/2015,61.8547 INR
1/02/2015,61.9894 INR
31/01/2015,61.9963 INR
30/01/2015,61.9352 INR
29/01/2015,61.7006 INR
28/01/2015,61.35 INR
27/01/2015,61.3839 INR
26/01/2015,61.4386 INR
25/01/2015,61.5283 INR
24/01/2015,61.413 INR
23/01/2015,61.4384 INR
22/01/2015,61.6447 INR
21/01/2015,61.6328 INR
20/01/2015,61.7082 INR
19/01/2015,61.6961 INR
18/01/2015,61.723 INR
17/01/2015,61.7859 INR
16/01/2015,61.7871 INR
15/01/2015,62.086 INR
14/01/2015,62.1313 INR
13/01/2015,62.0475 INR
12/01/2015,62.1032 INR
11/01/2015,62.2314 INR
10/01/2015,62.2606 INR
9/01/2015,62.368 INR
8/01/2015,62.8123 INR
7/01/2015,63.2922 INR
6/01/2015,63.5494 INR
5/01/2015,63.379 INR
4/01/2015,63.3064 INR
3/01/2015,63.2896 INR
2/01/2015,63.2778 INR
1/01/2015,63.1719 INR
31/12/2014,63.1735 INR
30/12/2014,63.4583 INR
29/12/2014,63.7215 INR
28/12/2014,63.6881 INR
27/12/2014,63.6816 INR
26/12/2014,63.6555 INR
25/12/2014,63.5407 INR
24/12/2014,63.4719 INR
23/12/2014,63.3923 INR
22/12/2014,63.2796 INR
21/12/2014,63.3476 INR
20/12/2014,63.3242 INR
19/12/2014,63.3279 INR
18/12/2014,63.1885 INR
17/12/2014,63.5818 INR
16/12/2014,63.5454 INR
15/12/2014,63.1156 INR
14/12/2014,62.58 INR
13/12/2014,62.541 INR
12/12/2014,62.514 INR
11/12/2014,62.4203 INR
10/12/2014,61.963 INR
9/12/2014,61.9119 INR
8/12/2014,61.8766 INR
7/12/2014,61.9853 INR
6/12/2014,61.9357 INR
5/12/2014,61.9383 INR
4/12/2014,61.834 INR
3/12/2014,61.8167 INR
2/12/2014,61.8696 INR
1/12/2014,62.0123 INR
30/11/2014,62.2411 INR
29/11/2014,62.1531 INR
28/11/2014,62.1145 INR
27/11/2014,61.8438 INR
26/11/2014,61.819 INR
25/11/2014,61.8078 INR
24/11/2014,61.8449 INR
23/11/2014,61.7497 INR
22/11/2014,61.7259 INR
21/11/2014,61.7764 INR
20/11/2014,61.89 INR
19/11/2014,61.9452 INR
18/11/2014,61.7289 INR
17/11/2014,61.7665 INR
16/11/2014,61.7045 INR
15/11/2014,61.6566 INR
14/11/2014,61.629 INR
13/11/2014,61.5626 INR
12/11/2014,61.4582 INR
11/11/2014,61.4872 INR
10/11/2014,61.4838 INR
9/11/2014,61.4844 INR
8/11/2014,61.4102 INR
7/11/2014,61.4218 INR
6/11/2014,61.4201 INR
5/11/2014,61.3732 INR
4/11/2014,61.3785 INR
3/11/2014,61.3869 INR
2/11/2014,61.4396 INR
1/11/2014,61.3922 INR
31/10/2014,61.4063 INR
30/10/2014,61.3608 INR
29/10/2014,61.3251 INR
28/10/2014,61.1907 INR
27/10/2014,61.2297 INR
26/10/2014,61.1554 INR
25/10/2014,61.1587 INR
24/10/2014,61.1399 INR
23/10/2014,61.1826 INR
22/10/2014,61.196 INR
21/10/2014,61.1965 INR
20/10/2014,61.2694 INR
19/10/2014,61.3738 INR
18/10/2014,61.3988 INR
17/10/2014,61.4237 INR
16/10/2014,61.7125 INR
15/10/2014,61.3528 INR
14/10/2014,61.3604 INR
13/10/2014,61.0722 INR
12/10/2014,61.2597 INR
11/10/2014,61.2446 INR
10/10/2014,61.2155 INR
9/10/2014,61.1169 INR
8/10/2014,61.3793 INR
7/10/2014,61.3839 INR
6/10/2014,61.57 INR
5/10/2014,61.6572 INR
4/10/2014,61.6206 INR
3/10/2014,61.6467 INR
2/10/2014,61.6242 INR
1/10/2014,61.7023 INR
30/09/2014,61.8204 INR
29/09/2014,61.4953 INR
28/09/2014,61.3064 INR
27/09/2014,61.2955 INR
26/09/2014,61.2464 INR
25/09/2014,61.2331 INR
24/09/2014,60.966 INR
23/09/2014,60.9804 INR
22/09/2014,60.8644 INR
21/09/2014,60.8144 INR
20/09/2014,60.857 INR
19/09/2014,60.8892 INR
18/09/2014,60.8011 INR
17/09/2014,60.9828 INR
16/09/2014,61.0999 INR
15/09/2014,61.1018 INR
14/09/2014,60.8161 INR
13/09/2014,60.8491 INR
12/09/2014,60.8473 INR
11/09/2014,60.9307 INR
10/09/2014,60.8601 INR
9/09/2014,60.5871 INR
8/09/2014,60.3184 INR
7/09/2014,60.2679 INR
6/09/2014,60.2802 INR
5/09/2014,60.2863 INR
4/09/2014,60.4226 INR
3/09/2014,60.4954 INR
2/09/2014,60.65 INR
1/09/2014,60.535 INR
31/08/2014,60.5379 INR
30/08/2014,60.5613 INR
29/08/2014,60.5452 INR
28/08/2014,60.5574 INR
27/08/2014,60.4622 INR
26/08/2014,60.4455 INR
25/08/2014,60.5412 INR
24/08/2014,60.5174 INR
23/08/2014,60.474 INR
22/08/2014,60.5151 INR
21/08/2014,60.6892 INR
20/08/2014,60.635 INR
19/08/2014,60.7148 INR
18/08/2014,60.8242 INR
17/08/2014,60.879 INR
16/08/2014,60.9004 INR
15/08/2014,60.9088 INR
14/08/2014,60.8417 INR
13/08/2014,61.1674 INR
12/08/2014,61.0939 INR
11/08/2014,61.1572 INR
10/08/2014,61.1326 INR
9/08/2014,61.1798 INR
8/08/2014,61.1782 INR
7/08/2014,61.2706 INR
6/08/2014,61.3848 INR
5/08/2014,60.8866 INR
4/08/2014,60.9316 INR
3/08/2014,61.0764 INR
2/08/2014,60.9765 INR
1/08/2014,60.829 INR
31/07/2014,60.471 INR
30/07/2014,60.1292 INR
29/07/2014,60.0873 INR
28/07/2014,60.057 INR
27/07/2014,60.0214 INR
26/07/2014,60.0465 INR
25/07/2014,60.0396 INR
24/07/2014,60.0882 INR
23/07/2014,60.0668 INR
22/07/2014,60.1489 INR
21/07/2014,60.2449 INR
20/07/2014,59.7723 INR
19/07/2014,59.7994 INR
18/07/2014,60.2609 INR
17/07/2014,60.1456 INR
16/07/2014,60.0947 INR
15/07/2014,60.1092 INR
14/07/2014,60.0833 INR
13/07/2014,60.0499 INR
12/07/2014,60.0704 INR
11/07/2014,60.022 INR
10/07/2014,60.1084 INR
9/07/2014,59.7711 INR
8/07/2014,59.7788 INR
7/07/2014,59.9069 INR
6/07/2014,59.7596 INR
5/07/2014,59.7361 INR
4/07/2014,59.7294 INR
3/07/2014,59.7466 INR
2/07/2014,59.7758 INR
1/07/2014,60.0461 INR
30/06/2014,60.0923 INR
29/06/2014,60.0431 INR
28/06/2014,60.0335 INR
27/06/2014,60.0462 INR
26/06/2014,60.1846 INR
25/06/2014,60.0892 INR
24/06/2014,60.1712 INR
23/06/2014,60.1601 INR
22/06/2014,60.181 INR
21/06/2014,60.187 INR
20/06/2014,60.1431 INR
19/06/2014,60.1151 INR
18/06/2014,60.2582 INR
17/06/2014,60.1948 INR
16/06/2014,60.0831 INR
15/06/2014,59.7288 INR
14/06/2014,59.6765 INR
13/06/2014,59.6194 INR
12/06/2014,59.2781 INR
11/06/2014,59.2752 INR
10/06/2014,59.1885 INR
9/06/2014,59.1298 INR
8/06/2014,59.0765 INR
7/06/2014,59.0049 INR
6/06/2014,59.0448 INR
5/06/2014,59.1864 INR
4/06/2014,59.282 INR
3/06/2014,59.3094 INR
2/06/2014,59.1716 INR
1/06/2014,59.2144 INR
31/05/2014,59.1638 INR
30/05/2014,59.1266 INR
29/05/2014,58.9182 INR
28/05/2014,58.8993 INR
27/05/2014,58.9291 INR
26/05/2014,58.6299 INR
25/05/2014,58.465 INR
24/05/2014,58.4284 INR
23/05/2014,58.4465 INR
22/05/2014,58.3956 INR
21/05/2014,58.6771 INR
20/05/2014,58.5679 INR
19/05/2014,58.4441 INR
18/05/2014,58.5772 INR
17/05/2014,58.6753 INR
16/05/2014,58.7639 INR
15/05/2014,59.3995 INR
14/05/2014,59.5264 INR
13/05/2014,59.5314 INR
12/05/2014,59.8882 INR
11/05/2014,59.8817 INR
10/05/2014,59.9214 INR
9/05/2014,59.922 INR
8/05/2014,59.9398 INR
7/05/2014,60.0416 INR
6/05/2014,60.0371 INR
5/05/2014,60.1809 INR
4/05/2014,60.0875 INR
3/05/2014,60.0961 INR
2/05/2014,60.1056 INR
1/05/2014,60.2864 INR
30/04/2014,60.3617 INR
29/04/2014,60.4687 INR
28/04/2014,60.6636 INR
27/04/2014,60.6749 INR
26/04/2014,60.7004 INR
25/04/2014,60.7398 INR
24/04/2014,61.0895 INR
23/04/2014,61.0264 INR
22/04/2014,60.7124 INR
21/04/2014,60.4436 INR
20/04/2014,60.325 INR
19/04/2014,60.3049 INR
18/04/2014,60.3131 INR
17/04/2014,60.3112 INR
16/04/2014,60.3629 INR
15/04/2014,60.3067 INR
14/04/2014,60.2682 INR
13/04/2014,60.2974 INR
12/04/2014,60.3022 INR
11/04/2014,60.2661 INR
10/04/2014,60.0944 INR
9/04/2014,60.1602 INR
8/04/2014,60.1158 INR
7/04/2014,60.0703 INR
6/04/2014,59.9522 INR
5/04/2014,60.0141 INR
4/04/2014,60.0086 INR
3/04/2014,60.1066 INR
2/04/2014,59.9205 INR
1/04/2014,59.938 INR
31/03/2014,59.9376 INR
30/03/2014,59.8628 INR
29/03/2014,59.8859 INR
28/03/2014,59.9304 INR
27/03/2014,60.2573 INR
26/03/2014,60.217 INR
25/03/2014,60.5016 INR
24/03/2014,60.7885 INR
23/03/2014,60.958 INR
22/03/2014,61.0041 INR
21/03/2014,61.0498 INR
20/03/2014,61.2851 INR
19/03/2014,61.0123 INR
18/03/2014,61.157 INR
17/03/2014,61.1407 INR
16/03/2014,61.2357 INR
15/03/2014,61.2617 INR
14/03/2014,61.1982 INR
13/03/2014,61.1486 INR
12/03/2014,61.1248 INR
11/03/2014,60.9764 INR
10/03/2014,60.9209 INR
9/03/2014,61.1423 INR
8/03/2014,61.1279 INR
7/03/2014,61.1527 INR
6/03/2014,61.1909 INR
5/03/2014,61.8123 INR
4/03/2014,61.8911 INR
3/03/2014,62.0313 INR
2/03/2014,61.7984 INR
1/03/2014,61.8224 INR
28/02/2014,61.8354 INR
27/02/2014,61.9673 INR
26/02/2014,62.0445 INR
25/02/2014,61.9752 INR
24/02/2014,62.0231 INR
23/02/2014,61.9964 INR
22/02/2014,62.058 INR
21/02/2014,62.1017 INR
20/02/2014,62.146 INR
19/02/2014,62.2033 INR
18/02/2014,62.0918 INR
17/02/2014,61.791 INR
16/02/2014,61.821 INR
15/02/2014,61.8646 INR
14/02/2014,61.8829 INR
13/02/2014,62.3322 INR
12/02/2014,62.0542 INR
11/02/2014,62.1893 INR
10/02/2014,62.3504 INR
9/02/2014,62.1346 INR
8/02/2014,62.1719 INR
7/02/2014,62.1989 INR
6/02/2014,62.3182 INR
5/02/2014,62.5269 INR
4/02/2014,62.4855 INR
3/02/2014,62.6169 INR
2/02/2014,62.5312 INR
1/02/2014,62.5396 INR
31/01/2014,62.5687 INR
30/01/2014,62.514 INR
29/01/2014,62.5371 INR
28/01/2014,62.5846 INR
27/01/2014,63.0803 INR
26/01/2014,62.6567 INR
25/01/2014,62.6454 INR
24/01/2014,62.5417 INR
23/01/2014,61.9307 INR
22/01/2014,61.8051 INR
21/01/2014,61.8207 INR
20/01/2014,61.5874 INR
19/01/2014,61.5641 INR
18/01/2014,61.5207 INR
17/01/2014,61.5314 INR
16/01/2014,61.4999 INR
15/01/2014,61.4898 INR
14/01/2014,61.4322 INR
13/01/2014,61.4219 INR
12/01/2014,61.4612 INR
11/01/2014,61.576 INR
10/01/2014,61.6772 INR
9/01/2014,62.0455 INR
8/01/2014,62.1394 INR
7/01/2014,62.21 INR
6/01/2014,62.2633 INR
5/01/2014,62.209 INR
4/01/2014,62.2131 INR
3/01/2014,62.155 INR
2/01/2014,62.1502 INR
1/01/2014,61.8488 INR
31/12/2013,61.8194 INR
30/12/2013,61.9242 INR
29/12/2013,61.9212 INR
28/12/2013,61.886 INR
27/12/2013,61.883 INR
26/12/2013,61.9694 INR
25/12/2013,61.772 INR
24/12/2013,61.7561 INR
23/12/2013,61.9035 INR
22/12/2013,61.9992 INR
21/12/2013,62.0158 INR
20/12/2013,62.0173 INR
19/12/2013,62.1794 INR
18/12/2013,61.9362 INR
17/12/2013,61.8495 INR
16/12/2013,61.8296 INR
15/12/2013,62.1831 INR
14/12/2013,62.1533 INR
13/12/2013,62.085 INR
12/12/2013,61.7841 INR
11/12/2013,61.2603 INR
10/12/2013,60.977 INR
9/12/2013,60.9532 INR
8/12/2013,61.2963 INR
7/12/2013,61.3008 INR
6/12/2013,61.3432 INR
5/12/2013,61.7657 INR
4/12/2013,62.0325 INR
3/12/2013,62.3318 INR
2/12/2013,62.2987 INR
1/12/2013,62.4224 INR
30/11/2013,62.4038 INR
29/11/2013,62.4183 INR
28/11/2013,62.3984 INR
27/11/2013,62.1643 INR
26/11/2013,62.48 INR
25/11/2013,62.4617 INR
24/11/2013,62.6432 INR
23/11/2013,62.6848 INR
22/11/2013,62.6879 INR
21/11/2013,62.886 INR
20/11/2013,62.6078 INR
19/11/2013,62.2887 INR
18/11/2013,62.376 INR
17/11/2013,62.8005 INR
16/11/2013,62.8685 INR
15/11/2013,62.9053 INR
14/11/2013,63.2149 INR
13/11/2013,63.4055 INR
12/11/2013,63.7609 INR
11/11/2013,63.2899 INR
10/11/2013,62.9921 INR
9/11/2013,62.9153 INR
8/11/2013,62.8437 INR
7/11/2013,62.462 INR
6/11/2013,62.2904 INR
5/11/2013,61.8012 INR
4/11/2013,61.8744 INR
3/11/2013,61.9944 INR
2/11/2013,61.7597 INR
1/11/2013,61.7367 INR
31/10/2013,61.5365 INR
30/10/2013,61.3076 INR
29/10/2013,61.3841 INR
28/10/2013,61.4999 INR
27/10/2013,61.409 INR
26/10/2013,61.4192 INR
25/10/2013,61.4801 INR
24/10/2013,61.4057 INR
23/10/2013,61.5068 INR
22/10/2013,61.4197 INR
21/10/2013,61.3102 INR
20/10/2013,61.1876 INR
19/10/2013,61.1718 INR
18/10/2013,61.2136 INR
17/10/2013,61.1796 INR
16/10/2013,61.6577 INR
15/10/2013,61.6318 INR
14/10/2013,61.3477 INR
13/10/2013,60.9474 INR
12/10/2013,60.9933 INR
11/10/2013,61.136 INR
10/10/2013,61.4924 INR
9/10/2013,61.8183 INR
8/10/2013,61.778 INR
7/10/2013,61.6273 INR
6/10/2013,61.3309 INR
5/10/2013,61.4025 INR
4/10/2013,61.5228 INR
3/10/2013,62.0006 INR
2/10/2013,62.2663 INR
1/10/2013,62.4491 INR
30/09/2013,62.5105 INR
29/09/2013,62.5868 INR
28/09/2013,62.5252 INR
27/09/2013,62.4858 INR
26/09/2013,62.1257 INR
25/09/2013,62.4055 INR
24/09/2013,62.6578 INR
23/09/2013,62.6126 INR
22/09/2013,62.4181 INR
21/09/2013,62.4601 INR
20/09/2013,62.396 INR
19/09/2013,62.1371 INR
18/09/2013,63.2753 INR
17/09/2013,63.153 INR
16/09/2013,63.0586 INR
15/09/2013,63.2927 INR
14/09/2013,63.4261 INR
13/09/2013,63.4033 INR
12/09/2013,63.5718 INR
11/09/2013,63.3648 INR
10/09/2013,63.9638 INR
9/09/2013,64.9485 INR
8/09/2013,65.1658 INR
7/09/2013,65.2991 INR
6/09/2013,65.4111 INR
5/09/2013,66.2397 INR
4/09/2013,67.0395 INR
3/09/2013,67.633 INR
2/09/2013,66.1764 INR
1/09/2013,66.1308 INR
31/08/2013,66.0763 INR
30/08/2013,66.3188 INR
29/08/2013,67.1371 INR
28/08/2013,67.9576 INR
27/08/2013,65.8398 INR
26/08/2013,64.2709 INR
25/08/2013,63.7535 INR
24/08/2013,63.7629 INR
23/08/2013,64.1042 INR
22/08/2013,64.5066 INR
21/08/2013,64.2933 INR
20/08/2013,63.3277 INR
19/08/2013,63.1063 INR
18/08/2013,62.1525 INR
17/08/2013,62.0244 INR
16/08/2013,61.9606 INR
15/08/2013,61.3528 INR
14/08/2013,61.3281 INR
13/08/2013,61.2373 INR
12/08/2013,61.0969 INR
11/08/2013,60.7149 INR
10/08/2013,60.7519 INR
9/08/2013,60.8556 INR
8/08/2013,60.9479 INR
7/08/2013,61.319 INR
6/08/2013,61.1119 INR
5/08/2013,60.8788 INR
4/08/2013,61.1089 INR
3/08/2013,61.165 INR
2/08/2013,60.94 INR
1/08/2013,60.7297 INR
31/07/2013,60.7685 INR
30/07/2013,60.4917 INR
29/07/2013,59.3555 INR
28/07/2013,59.1141 INR
27/07/2013,59.0522 INR
26/07/2013,59.0529 INR
25/07/2013,58.9964 INR
24/07/2013,59.2177 INR
23/07/2013,59.5257 INR
22/07/2013,59.5184 INR
21/07/2013,59.3841 INR
20/07/2013,59.4389 INR
19/07/2013,59.2255 INR
18/07/2013,59.4267 INR
17/07/2013,59.166 INR
16/07/2013,59.3282 INR
15/07/2013,59.9252 INR
14/07/2013,59.9066 INR
13/07/2013,59.8906 INR
12/07/2013,59.8329 INR
11/07/2013,59.7947 INR
10/07/2013,59.352 INR
9/07/2013,60.314 INR
8/07/2013,60.7615 INR
7/07/2013,60.4595 INR
6/07/2013,60.4701 INR
5/07/2013,60.5124 INR
4/07/2013,60.4839 INR
3/07/2013,60.0498 INR
2/07/2013,59.5685 INR
1/07/2013,59.4264 INR
30/06/2013,59.5527 INR
29/06/2013,59.5606 INR
28/06/2013,59.7389 INR
27/06/2013,60.2526 INR
26/06/2013,60.3742 INR
25/06/2013,59.6868 INR
24/06/2013,59.6708 INR
23/06/2013,59.5278 INR
22/06/2013,59.3721 INR
21/06/2013,59.4877 INR
20/06/2013,59.3978 INR
19/06/2013,58.8422 INR
18/06/2013,58.6285 INR
17/06/2013,57.8809 INR
16/06/2013,57.4995 INR
15/06/2013,57.5513 INR
14/06/2013,57.5536 INR
13/06/2013,57.9983 INR
12/06/2013,57.9659 INR
11/06/2013,58.1822 INR
10/06/2013,57.8637 INR
9/06/2013,57.1829 INR
8/06/2013,57.0415 INR
7/06/2013,57.0289 INR
6/06/2013,56.6691 INR
5/06/2013,56.6237 INR
4/06/2013,56.5145 INR
3/06/2013,56.6077 INR
2/06/2013,56.5727 INR
1/06/2013,56.5576 INR
31/05/2013,56.4966 INR
30/05/2013,56.2663 INR
29/05/2013,56.1687 INR
28/05/2013,56.0428 INR
27/05/2013,55.6604 INR
26/05/2013,55.8026 INR
25/05/2013,55.7958 INR
24/05/2013,55.7402 INR
23/05/2013,55.6466 INR
22/05/2013,55.6127 INR
21/05/2013,55.2787 INR
20/05/2013,54.9862 INR
19/05/2013,54.9575 INR
18/05/2013,54.8858 INR
17/05/2013,54.8559 INR
16/05/2013,54.7707 INR
15/05/2013,54.9119 INR
14/05/2013,54.8282 INR
13/05/2013,54.891 INR
12/05/2013,54.8154 INR
11/05/2013,54.7678 INR
10/05/2013,54.6555 INR
9/05/2013,54.2769 INR
8/05/2013,54.0268 INR
7/05/2013,54.1054 INR
6/05/2013,54.0528 INR
5/05/2013,53.7541 INR
4/05/2013,53.7499 INR
3/05/2013,53.7877 INR
2/05/2013,53.8063 INR
1/05/2013,53.6573 INR
30/04/2013,53.9242 INR
29/04/2013,54.2267 INR
28/04/2013,54.304 INR
27/04/2013,54.2873 INR
26/04/2013,54.2597 INR
25/04/2013,54.1618 INR
24/04/2013,54.2095 INR
23/04/2013,54.2565 INR
22/04/2013,54.0514 INR
21/04/2013,53.8987 INR
20/04/2013,53.8961 INR
19/04/2013,53.912 INR
18/04/2013,53.971 INR
17/04/2013,54.207 INR
16/04/2013,54.1871 INR
15/04/2013,54.5635 INR
14/04/2013,54.5244 INR
13/04/2013,54.5382 INR
12/04/2013,54.5206 INR
11/04/2013,54.2986 INR
10/04/2013,54.4962 INR
9/04/2013,54.5466 INR
8/04/2013,54.6458 INR
7/04/2013,54.7431 INR
6/04/2013,54.7623 INR
5/04/2013,54.7534 INR
4/04/2013,54.7942 INR
3/04/2013,54.4349 INR
2/04/2013,54.5018 INR
1/04/2013,54.3581 INR
31/03/2013,54.3303 INR
30/03/2013,54.3451 INR
29/03/2013,54.3193 INR
28/03/2013,54.2923 INR
27/03/2013,54.3702 INR
26/03/2013,54.3706 INR
25/03/2013,54.2168 INR
24/03/2013,54.3238 INR
23/03/2013,54.358 INR
22/03/2013,54.3471 INR
21/03/2013,54.3087 INR
20/03/2013,54.3454 INR
19/03/2013,54.3097 INR
18/03/2013,54.1142 INR
17/03/2013,54.1863 INR
16/03/2013,54.0009 INR
15/03/2013,54.1379 INR
14/03/2013,54.3446 INR
13/03/2013,54.2932 INR
12/03/2013,54.2001 INR
11/03/2013,54.4154 INR
10/03/2013,54.3812 INR
9/03/2013,54.3584 INR
8/03/2013,54.4892 INR
7/03/2013,54.61 INR
6/03/2013,54.7508 INR
5/03/2013,54.9467 INR
4/03/2013,54.8289 INR
3/03/2013,54.9903 INR
2/03/2013,54.903 INR
1/03/2013,54.7237 INR
28/02/2013,54.2639 INR
27/02/2013,53.9125 INR
26/02/2013,54.1023 INR
25/02/2013,53.8675 INR
24/02/2013,54.445 INR
23/02/2013,54.3561 INR
22/02/2013,54.4411 INR
21/02/2013,54.4037 INR
20/02/2013,54.2379 INR
19/02/2013,54.2233 INR
18/02/2013,54.2296 INR
17/02/2013,54.4493 INR
16/02/2013,54.2102 INR
15/02/2013,54.1634 INR
14/02/2013,53.9285 INR
13/02/2013,53.9542 INR
12/02/2013,53.8433 INR
11/02/2013,53.861 INR
10/02/2013,53.6235 INR
9/02/2013,53.5936 INR
8/02/2013,53.5117 INR
7/02/2013,53.2181 INR
6/02/2013,53.1821 INR
5/02/2013,53.1305 INR
4/02/2013,53.2234 INR
3/02/2013,53.1544 INR
2/02/2013,53.347 INR
1/02/2013,53.3161 INR
31/01/2013,53.1904 INR
30/01/2013,53.3921 INR
29/01/2013,53.7998 INR
28/01/2013,53.9093 INR
27/01/2013,53.8388 INR
26/01/2013,53.7786 INR
25/01/2013,53.7565 INR
24/01/2013,53.677 INR
23/01/2013,53.6972 INR
22/01/2013,53.7955 INR
21/01/2013,53.7811 INR
20/01/2013,53.7516 INR
19/01/2013,53.7945 INR
18/01/2013,53.9967 INR
17/01/2013,54.6081 INR
16/01/2013,54.7272 INR
15/01/2013,54.5411 INR
14/01/2013,54.6043 INR
13/01/2013,54.7857 INR
12/01/2013,54.722 INR
11/01/2013,54.7444 INR
10/01/2013,54.5449 INR
9/01/2013,54.8537 INR
8/01/2013,55.0715 INR
7/01/2013,55.0816 INR
6/01/2013,54.9612 INR
5/01/2013,54.9673 INR
4/01/2013,54.873 INR
3/01/2013,54.6356 INR
2/01/2013,54.4658 INR
1/01/2013,54.7394 INR
31/12/2012,54.8134 INR
30/12/2012,54.7865 INR
29/12/2012,54.7943 INR
28/12/2012,54.8167 INR
27/12/2012,54.9571 INR
26/12/2012,54.9464 INR
25/12/2012,55.0099 INR
24/12/2012,55.0455 INR
23/12/2012,55.1087 INR
22/12/2012,55.0527 INR
21/12/2012,55.0753 INR
20/12/2012,54.8284 INR
19/12/2012,54.6519 INR
18/12/2012,54.8082 INR
17/12/2012,54.7372 INR
16/12/2012,54.4552 INR
15/12/2012,54.3324 INR
14/12/2012,54.3963 INR
13/12/2012,54.424 INR
12/12/2012,54.324 INR
11/12/2012,54.2634 INR
10/12/2012,54.4507 INR
9/12/2012,54.5131 INR
8/12/2012,54.4882 INR
7/12/2012,54.4995 INR
6/12/2012,54.3826 INR
5/12/2012,54.6258 INR
4/12/2012,54.6701 INR
3/12/2012,54.6344 INR
2/12/2012,54.2738 INR
1/12/2012,54.4587 INR
30/11/2012,54.4342 INR
29/11/2012,54.9875 INR
28/11/2012,55.6391 INR
27/11/2012,55.5012 INR
26/11/2012,55.5764 INR
25/11/2012,55.4695 INR
24/11/2012,55.4402 INR
23/11/2012,55.3374 INR
22/11/2012,55.2215 INR
21/11/2012,55.0403 INR
20/11/2012,55.0658 INR
19/11/2012,55.0717 INR
18/11/2012,55.1234 INR
17/11/2012,55.1416 INR
16/11/2012,55.1012 INR
15/11/2012,54.7392 INR
14/11/2012,54.9345 INR
13/11/2012,54.8661 INR
12/11/2012,54.8438 INR
11/11/2012,54.6222 INR
10/11/2012,54.5829 INR
9/11/2012,54.6208 INR
8/11/2012,54.3689 INR
7/11/2012,54.3024 INR
6/11/2012,54.4017 INR
5/11/2012,54.44 INR
4/11/2012,53.8486 INR
3/11/2012,53.8062 INR
2/11/2012,53.8556 INR
1/11/2012,53.7524 INR
31/10/2012,53.8434 INR
30/10/2012,53.9869 INR
29/10/2012,54.0503 INR
28/10/2012,53.6886 INR
27/10/2012,53.635 INR
26/10/2012,53.6167 INR
25/10/2012,53.6306 INR
24/10/2012,53.6646 INR
23/10/2012,53.7118 INR
22/10/2012,53.6172 INR
21/10/2012,53.8798 INR
20/10/2012,53.8241 INR
19/10/2012,53.7398 INR
18/10/2012,53.3435 INR
17/10/2012,52.8522 INR
16/10/2012,52.8678 INR
15/10/2012,52.9599 INR
14/10/2012,52.848 INR
13/10/2012,52.8009 INR
12/10/2012,52.7898 INR
11/10/2012,52.7159 INR
10/10/2012,53.1351 INR
9/10/2012,52.8255 INR
8/10/2012,52.8071 INR
7/10/2012,51.843 INR
6/10/2012,51.8527 INR
5/10/2012,51.8527 INR
4/10/2012,51.9118 INR
3/10/2012,52.2983 INR
2/10/2012,52.2975 INR
1/10/2012,52.4358 INR
30/09/2012,52.9869 INR
29/09/2012,52.8918 INR
28/09/2012,52.8918 INR
27/09/2012,53.0385 INR
26/09/2012,53.5797 INR
25/09/2012,53.4534 INR
24/09/2012,53.3493 INR
23/09/2012,53.532 INR
22/09/2012,53.5683 INR
21/09/2012,53.5683 INR
20/09/2012,54.3075 INR
19/09/2012,53.9695 INR
18/09/2012,53.993 INR
17/09/2012,54.0776 INR
16/09/2012,54.3694 INR
15/09/2012,54.3962 INR
14/09/2012,54.3962 INR
13/09/2012,55.3945 INR
12/09/2012,55.3875 INR
11/09/2012,55.19 INR
10/09/2012,55.5834 INR
9/09/2012,55.3875 INR
8/09/2012,55.3944 INR
7/09/2012,55.3944 INR
6/09/2012,55.7747 INR
5/09/2012,55.8872 INR
4/09/2012,55.6541 INR
3/09/2012,55.568 INR
2/09/2012,55.5862 INR
1/09/2012,55.6003 INR
31/08/2012,55.6003 INR
30/08/2012,55.5133 INR
29/08/2012,55.7877 INR
28/08/2012,55.6523 INR
27/08/2012,55.5538 INR
26/08/2012,55.4651 INR
25/08/2012,55.4862 INR
24/08/2012,55.4862 INR
23/08/2012,55.2779 INR
22/08/2012,55.4392 INR
21/08/2012,55.6972 INR
20/08/2012,55.8537 INR
19/08/2012,55.5339 INR
18/08/2012,55.5198 INR
17/08/2012,55.5198 INR
16/08/2012,55.8096 INR
15/08/2012,55.3868 INR
14/08/2012,55.5985 INR
13/08/2012,55.1574 INR
12/08/2012,55.4009 INR
11/08/2012,55.3409 INR
10/08/2012,55.3409 INR
9/08/2012,55.3034 INR
8/08/2012,55.3893 INR
7/08/2012,55.2435 INR
6/08/2012,55.658 INR
5/08/2012,55.6858 INR
4/08/2012,55.6751 INR
3/08/2012,55.6751 INR
2/08/2012,55.8524 INR
1/08/2012,55.591 INR
31/07/2012,55.7089 INR
30/07/2012,55.4764 INR
29/07/2012,55.2381 INR
28/07/2012,55.1855 INR
27/07/2012,55.1855 INR
26/07/2012,55.3843 INR
25/07/2012,55.9955 INR
24/07/2012,56.0158 INR
23/07/2012,55.743 INR
22/07/2012,55.2512 INR
21/07/2012,55.2123 INR
20/07/2012,55.2123 INR
19/07/2012,55.0454 INR
18/07/2012,55.4148 INR
17/07/2012,54.9893 INR
16/07/2012,55.0813 INR
15/07/2012,55.11 INR
14/07/2012,55.156 INR
13/07/2012,55.156 INR
12/07/2012,55.7817 INR
11/07/2012,55.5729 INR
10/07/2012,55.516 INR
9/07/2012,56.0148 INR
8/07/2012,55.3866 INR
7/07/2012,55.3687 INR
6/07/2012,55.3687 INR
5/07/2012,54.9206 INR
4/07/2012,54.6979 INR
3/07/2012,54.3335 INR
2/07/2012,55.568 INR
1/07/2012,55.7147 INR
30/06/2012,55.626 INR
29/06/2012,55.626 INR
28/06/2012,56.9981 INR
27/06/2012,56.8624 INR
26/06/2012,57.1913 INR
25/06/2012,57.1465 INR
24/06/2012,57.2189 INR
23/06/2012,57.2152 INR
22/06/2012,57.2152 INR
21/06/2012,56.1277 INR
20/06/2012,56.2075 INR
19/06/2012,55.6224 INR
18/06/2012,55.9661 INR
17/06/2012,55.3378 INR
16/06/2012,55.3378 INR
15/06/2012,55.3378 INR
14/06/2012,55.7827 INR
13/06/2012,55.6295 INR
12/06/2012,55.892 INR
11/06/2012,55.6551 INR
10/06/2012,55.2596 INR
9/06/2012,55.4739 INR
8/06/2012,55.4739 INR
7/06/2012,54.9034 INR
6/06/2012,55.2103 INR
5/06/2012,55.3823 INR
4/06/2012,55.5953 INR
3/06/2012,55.4769 INR
2/06/2012,55.4516 INR
1/06/2012,55.4516 INR
31/05/2012,56.174 INR
30/05/2012,56.1686 INR
29/05/2012,55.624 INR
28/05/2012,55.3837 INR
27/05/2012,55.3892 INR
26/05/2012,55.4953 INR
25/05/2012,55.4953 INR
24/05/2012,55.4013 INR
23/05/2012,55.9119 INR
22/05/2012,55.51 INR
21/05/2012,54.9798 INR
20/05/2012,54.4674 INR
19/05/2012,54.402 INR
18/05/2012,54.402 INR
17/05/2012,54.3451 INR
16/05/2012,54.2191 INR
15/05/2012,53.8069 INR
14/05/2012,53.7521 INR
13/05/2012,53.7707 INR
12/05/2012,53.7439 INR
11/05/2012,53.731 INR
10/05/2012,53.3141 INR
9/05/2012,53.689 INR
8/05/2012,53.0563 INR
7/05/2012,52.8175 INR
6/05/2012,53.5196 INR
5/05/2012,53.4467 INR
4/05/2012,53.4467 INR
3/05/2012,53.5448 INR
2/05/2012,52.8015 INR
1/05/2012,52.4569 INR
30/04/2012,52.8169 INR
29/04/2012,52.2936 INR
28/04/2012,52.3032 INR
27/04/2012,52.3032 INR
26/04/2012,52.6662 INR
25/04/2012,52.5204 INR
24/04/2012,52.6231 INR
23/04/2012,52.4213 INR
22/04/2012,52.1485 INR
21/04/2012,52.1679 INR
20/04/2012,52.1679 INR
19/04/2012,52.1345 INR
18/04/2012,51.8442 INR
17/04/2012,51.4217 INR
16/04/2012,51.7797 INR
15/04/2012,51.3315 INR
14/04/2012,51.3542 INR
13/04/2012,51.3542 INR
12/04/2012,51.596 INR
11/04/2012,51.5023 INR
10/04/2012,51.3173 INR
9/04/2012,51.1786 INR
8/04/2012,51.2899 INR
7/04/2012,51.2415 INR
6/04/2012,51.2457 INR
5/04/2012,51.0364 INR
4/04/2012,51.0682 INR
3/04/2012,50.7333 INR
2/04/2012,50.7315 INR
1/04/2012,51.0109 INR
31/03/2012,51.0109 INR
30/03/2012,51.0109 INR
29/03/2012,51.4707 INR
28/03/2012,50.749 INR
27/03/2012,50.7117 INR
26/03/2012,50.9596 INR
25/03/2012,51.2389 INR
24/03/2012,51.2615 INR
23/03/2012,51.2615 INR
22/03/2012,51.172 INR
21/03/2012,50.7732 INR
20/03/2012,50.3856 INR
19/03/2012,50.3798 INR
18/03/2012,50.2711 INR
17/03/2012,50.2457 INR
16/03/2012,50.2457 INR
15/03/2012,50.3173 INR
14/03/2012,49.8837 INR
13/03/2012,49.9852 INR
12/03/2012,49.9716 INR
11/03/2012,49.8299 INR
10/03/2012,49.8108 INR
9/03/2012,49.8108 INR
8/03/2012,50.2433 INR
7/03/2012,50.3919 INR
6/03/2012,50.4924 INR
5/03/2012,49.7545 INR
4/03/2012,49.5315 INR
3/03/2012,49.5221 INR
2/03/2012,49.5221 INR
1/03/2012,49.081 INR
29/02/2012,49.0463 INR
28/02/2012,49.0928 INR
27/02/2012,49.0959 INR
26/02/2012,48.8834 INR
25/02/2012,48.9142 INR
24/02/2012,48.9142 INR
23/02/2012,49.2031 INR
22/02/2012,49.3262 INR
21/02/2012,49.3476 INR
20/02/2012,49.4068 INR
19/02/2012,49.2773 INR
18/02/2012,49.4018 INR
17/02/2012,49.4018 INR
16/02/2012,49.1157 INR
15/02/2012,49.4184 INR
14/02/2012,49.4732 INR
13/02/2012,49.389 INR
12/02/2012,49.4804 INR
11/02/2012,49.562 INR
10/02/2012,49.5454 INR
9/02/2012,49.5408 INR
8/02/2012,48.9949 INR
7/02/2012,49.3085 INR
6/02/2012,49.1868 INR
5/02/2012,48.7392 INR
4/02/2012,48.6837 INR
3/02/2012,48.6837 INR
2/02/2012,49.0945 INR
1/02/2012,49.3151 INR
31/01/2012,49.6274 INR
30/01/2012,49.5211 INR
29/01/2012,49.4707 INR
28/01/2012,49.7118 INR
27/01/2012,49.7118 INR
26/01/2012,49.8545 INR
25/01/2012,49.9309 INR
24/01/2012,50.0331 INR
23/01/2012,50.2002 INR
22/01/2012,50.3129 INR
21/01/2012,50.2063 INR
20/01/2012,50.2063 INR
19/01/2012,50.0829 INR
18/01/2012,50.5238 INR
17/01/2012,50.6302 INR
16/01/2012,51.2801 INR
15/01/2012,51.6016 INR
14/01/2012,51.5444 INR
13/01/2012,51.5444 INR
12/01/2012,51.6523 INR
11/01/2012,51.7493 INR
10/01/2012,52.5869 INR
9/01/2012,52.6413 INR
8/01/2012,52.7745 INR
7/01/2012,52.7437 INR
6/01/2012,52.7437 INR
5/01/2012,52.803 INR
4/01/2012,52.9541 INR
3/01/2012,53.2187 INR
2/01/2012,52.9311 INR
1/01/2012,53.0207 INR
31/12/2011,52.8843 INR
30/12/2011,52.8392 INR
29/12/2011,52.8607 INR
28/12/2011,52.9791 INR
27/12/2011,53.164 INR
26/12/2011,52.7552 INR
25/12/2011,52.8364 INR
24/12/2011,52.8567 INR
23/12/2011,52.8601 INR
22/12/2011,52.8349 INR
21/12/2011,52.5273 INR
20/12/2011,52.7023 INR
19/12/2011,53.0316 INR
18/12/2011,52.6022 INR
17/12/2011,52.5142 INR
16/12/2011,52.5142 INR
15/12/2011,53.6853 INR
14/12/2011,54.2244 INR
13/12/2011,53.297 INR
12/12/2011,52.7297 INR
11/12/2011,51.9369 INR
10/12/2011,51.874 INR
9/12/2011,51.874 INR
8/12/2011,51.6447 INR
7/12/2011,51.8046 INR
6/12/2011,51.4336 INR
5/12/2011,51.1465 INR
4/12/2011,51.1252 INR
3/12/2011,51.1679 INR
2/12/2011,51.1679 INR
1/12/2011,51.6106 INR
30/11/2011,51.9923 INR
29/11/2011,52.1323 INR
28/11/2011,51.8121 INR
27/11/2011,51.9747 INR
26/11/2011,52.1262 INR
25/11/2011,52.1262 INR
24/11/2011,52.0968 INR
23/11/2011,52.4036 INR
22/11/2011,52.4709 INR
21/11/2011,52.2236 INR
20/11/2011,51.4679 INR
19/11/2011,51.3474 INR
18/11/2011,51.3474 INR
17/11/2011,50.8817 INR
16/11/2011,50.9784 INR
15/11/2011,50.6721 INR
14/11/2011,50.2907 INR
13/11/2011,49.7795 INR
12/11/2011,49.8074 INR
11/11/2011,49.8074 INR
10/11/2011,49.9737 INR
9/11/2011,49.9315 INR
8/11/2011,49.5115 INR
7/11/2011,49.0601 INR
6/11/2011,48.9857 INR
5/11/2011,48.9795 INR
4/11/2011,49.009 INR
3/11/2011,48.8946 INR
2/11/2011,49.3103 INR
1/11/2011,49.3921 INR
31/10/2011,48.774 INR
30/10/2011,48.811 INR
29/10/2011,48.7384 INR
28/10/2011,48.7384 INR
27/10/2011,49.0191 INR
26/10/2011,49.3106 INR
25/10/2011,49.6041 INR
24/10/2011,49.842 INR
23/10/2011,50.0195 INR
22/10/2011,49.9819 INR
21/10/2011,49.9819 INR
20/10/2011,50.0527 INR
19/10/2011,49.0984 INR
18/10/2011,49.1894 INR
17/10/2011,48.8606 INR
16/10/2011,48.9925 INR
15/10/2011,49.0049 INR
14/10/2011,49.0049 INR
13/10/2011,49.0932 INR
12/10/2011,49.0164 INR
11/10/2011,49.1794 INR
10/10/2011,48.9088 INR
9/10/2011,49.2447 INR
8/10/2011,49.1782 INR
7/10/2011,49.1782 INR
6/10/2011,49.0042 INR
5/10/2011,49.2985 INR
4/10/2011,49.3464 INR
3/10/2011,49.2493 INR
2/10/2011,49.4787 INR
1/10/2011,49.4691 INR
30/09/2011,49.4691 INR
29/09/2011,48.791 INR
28/09/2011,48.6092 INR
27/09/2011,49.0653 INR
26/09/2011,49.3173 INR
25/09/2011,48.9786 INR
24/09/2011,49.169 INR
23/09/2011,49.169 INR
22/09/2011,49.82 INR
21/09/2011,48.445 INR
20/09/2011,48.0426 INR
19/09/2011,48.2128 INR
18/09/2011,47.2631 INR
17/09/2011,47.0506 INR
16/09/2011,47.0506 INR
15/09/2011,47.7075 INR
14/09/2011,47.5481 INR
13/09/2011,47.4394 INR
12/09/2011,47.1809 INR
11/09/2011,46.719 INR
10/09/2011,46.6308 INR
9/09/2011,46.6308 INR
8/09/2011,46.1298 INR
7/09/2011,46.0688 INR
6/09/2011,46.0691 INR
5/09/2011,46.1056 INR
4/09/2011,46.1396 INR
3/09/2011,46.0088 INR
2/09/2011,46.0088 INR
1/09/2011,45.8183 INR
31/08/2011,45.7518 INR
30/08/2011,45.8613 INR
29/08/2011,45.3267 INR
28/08/2011,45.4413 INR
27/08/2011,45.3775 INR
26/08/2011,45.3775 INR
25/08/2011,45.7653 INR
24/08/2011,45.6282 INR
23/08/2011,45.5705 INR
22/08/2011,45.8081 INR
21/08/2011,45.6498 INR
20/08/2011,45.6858 INR
19/08/2011,45.6858 INR
18/08/2011,45.9136 INR
17/08/2011,45.313 INR
16/08/2011,45.407 INR
15/08/2011,45.2418 INR
14/08/2011,44.109 INR
13/08/2011,45.2806 INR
12/08/2011,45.2806 INR
11/08/2011,45.0484 INR
10/08/2011,45.6557 INR
9/08/2011,43.7329 INR
8/08/2011,44.3564 INR
7/08/2011,44.5251 INR
6/08/2011,44.6027 INR
5/08/2011,44.0417 INR
4/08/2011,44.6763 INR
3/08/2011,44.1571 INR
2/08/2011,44.3551 INR
1/08/2011,44.1065 INR
31/07/2011,44.2755 INR
30/07/2011,44.2324 INR
29/07/2011,44.2324 INR
28/07/2011,44.192 INR
27/07/2011,44.051 INR
26/07/2011,44.1664 INR
25/07/2011,44.3031 INR
24/07/2011,44.3357 INR
23/07/2011,44.371 INR
22/07/2011,44.371 INR
21/07/2011,44.4343 INR
20/07/2011,44.4816 INR
19/07/2011,44.4103 INR
18/07/2011,44.6131 INR
17/07/2011,44.6314 INR
16/07/2011,44.4348 INR
15/07/2011,44.4348 INR
14/07/2011,44.4501 INR
13/07/2011,44.3107 INR
12/07/2011,44.7725 INR
11/07/2011,44.4919 INR
10/07/2011,44.4535 INR
9/07/2011,44.3594 INR
8/07/2011,44.3594 INR
7/07/2011,44.3201 INR
6/07/2011,44.4722 INR
5/07/2011,44.4401 INR
4/07/2011,44.3616 INR
3/07/2011,44.4377 INR
2/07/2011,44.4183 INR
1/07/2011,44.4183 INR
30/06/2011,44.4931 INR
29/06/2011,44.6493 INR
28/06/2011,44.9385 INR
27/06/2011,45.152 INR
26/06/2011,44.8881 INR
25/06/2011,44.8909 INR
24/06/2011,44.8909 INR
23/06/2011,44.9246 INR
22/06/2011,44.7417 INR
21/06/2011,44.8825 INR
20/06/2011,44.7998 INR
19/06/2011,44.8801 INR
18/06/2011,44.833 INR
17/06/2011,44.833 INR
16/06/2011,44.832 INR
15/06/2011,44.6407 INR
14/06/2011,44.6681 INR
13/06/2011,44.7538 INR
12/06/2011,44.9764 INR
11/06/2011,44.9709 INR
10/06/2011,44.9709 INR
9/06/2011,44.7555 INR
8/06/2011,44.7987 INR
7/06/2011,44.8001 INR
6/06/2011,44.8317 INR
5/06/2011,44.5833 INR
4/06/2011,44.6566 INR
3/06/2011,44.6566 INR
2/06/2011,44.8338 INR
1/06/2011,45.0132 INR
31/05/2011,45.0728 INR
30/05/2011,45.1214 INR
29/05/2011,45.0612 INR
28/05/2011,45.0612 INR
27/05/2011,45.0612 INR
26/05/2011,45.3577 INR
25/05/2011,45.1991 INR
24/05/2011,45.1563 INR
23/05/2011,45.3654 INR
22/05/2011,45.0492 INR
21/05/2011,44.9992 INR
20/05/2011,44.9992 INR
19/05/2011,45.0659 INR
18/05/2011,45.0062 INR
17/05/2011,45.015 INR
16/05/2011,45.2412 INR
15/05/2011,45.1995 INR
14/05/2011,45.1437 INR
13/05/2011,44.8501 INR
12/05/2011,44.737 INR
11/05/2011,44.8187 INR
10/05/2011,44.7805 INR
9/05/2011,44.6191 INR
8/05/2011,44.8087 INR
7/05/2011,44.7649 INR
6/05/2011,44.7649 INR
5/05/2011,44.9546 INR
4/05/2011,44.6546 INR
3/05/2011,44.3556 INR
2/05/2011,44.3638 INR
1/05/2011,44.1892 INR
30/04/2011,44.1364 INR
29/04/2011,44.1364 INR
28/04/2011,44.3563 INR
27/04/2011,44.2294 INR
26/04/2011,44.5654 INR
25/04/2011,44.5243 INR
24/04/2011,44.256 INR
23/04/2011,44.3043 INR
22/04/2011,44.3043 INR
21/04/2011,44.3324 INR
20/04/2011,44.1558 INR
19/04/2011,44.4139 INR
18/04/2011,44.5202 INR
17/04/2011,44.4458 INR
16/04/2011,44.4077 INR
15/04/2011,44.4077 INR
14/04/2011,44.5257 INR
13/04/2011,44.3796 INR
12/04/2011,44.5667 INR
11/04/2011,44.4098 INR
10/04/2011,44.0021 INR
9/04/2011,43.9725 INR
8/04/2011,43.9648 INR
7/04/2011,44.2612 INR
6/04/2011,44.1755 INR
5/04/2011,44.2478 INR
4/04/2011,44.2306 INR
3/04/2011,44.44 INR
2/04/2011,44.4593 INR
1/04/2011,44.4633 INR
31/03/2011,44.6823 INR
30/03/2011,44.826 INR
29/03/2011,44.5689 INR
28/03/2011,44.9518 INR
27/03/2011,44.7519 INR
26/03/2011,44.6431 INR
25/03/2011,44.6431 INR
24/03/2011,44.6414 INR
23/03/2011,44.8713 INR
22/03/2011,44.9236 INR
21/03/2011,45.0884 INR
20/03/2011,45.2231 INR
19/03/2011,45.1924 INR
18/03/2011,45.1964 INR
17/03/2011,45.1492 INR
16/03/2011,45.2394 INR
15/03/2011,45.2906 INR
14/03/2011,44.9597 INR
13/03/2011,45.2591 INR
12/03/2011,45.2338 INR
11/03/2011,45.2338 INR
10/03/2011,45.2692 INR
9/03/2011,44.9527 INR
8/03/2011,44.9522 INR
7/03/2011,45.0429 INR
6/03/2011,44.9717 INR
5/03/2011,44.9606 INR
4/03/2011,44.9606 INR
3/03/2011,45.0501 INR
2/03/2011,45.0704 INR
1/03/2011,44.9833 INR
28/02/2011,45.251 INR
27/02/2011,45.5025 INR
26/02/2011,45.4422 INR
25/02/2011,45.4422 INR
24/02/2011,45.557 INR
23/02/2011,45.409 INR
22/02/2011,45.1493 INR
21/02/2011,44.8517 INR
20/02/2011,45.0892 INR
19/02/2011,45.0781 INR
18/02/2011,45.0781 INR
17/02/2011,45.3548 INR
16/02/2011,45.2297 INR
15/02/2011,45.4345 INR
14/02/2011,45.5079 INR
13/02/2011,45.6028 INR
12/02/2011,45.5829 INR
11/02/2011,45.5829 INR
10/02/2011,45.6644 INR
9/02/2011,45.5357 INR
8/02/2011,45.3059 INR
7/02/2011,45.4121 INR
6/02/2011,45.7562 INR
5/02/2011,45.7222 INR
4/02/2011,45.7414 INR
3/02/2011,45.5877 INR
2/02/2011,45.5142 INR
1/02/2011,45.4849 INR
31/01/2011,45.8874 INR
30/01/2011,46.0397 INR
29/01/2011,45.9324 INR
28/01/2011,45.9087 INR
27/01/2011,45.8241 INR
26/01/2011,45.5744 INR
25/01/2011,45.6906 INR
24/01/2011,45.5316 INR
23/01/2011,45.6023 INR
22/01/2011,45.5706 INR
21/01/2011,45.5978 INR
20/01/2011,45.8239 INR
19/01/2011,45.6071 INR
18/01/2011,45.5626 INR
17/01/2011,45.6128 INR
16/01/2011,45.509 INR
15/01/2011,45.5434 INR
14/01/2011,45.5473 INR
13/01/2011,45.1018 INR
12/01/2011,45.0776 INR
11/01/2011,45.0756 INR
10/01/2011,45.3856 INR
9/01/2011,45.3244 INR
8/01/2011,45.3098 INR
7/01/2011,45.3098 INR
6/01/2011,45.5334 INR
5/01/2011,45.4666 INR
4/01/2011,45.2483 INR
3/01/2011,44.5545 INR
2/01/2011,44.7433 INR
1/01/2011,44.7433 INR
31/12/2010,44.728 INR
30/12/2010,45.0304 INR
29/12/2010,45.0278 INR
28/12/2010,44.9126 INR
27/12/2010,44.8788 INR
26/12/2010,45.1967 INR
25/12/2010,45.1019 INR
24/12/2010,45.0866 INR
23/12/2010,45.0923 INR
22/12/2010,45.123 INR
21/12/2010,45.1793 INR
20/12/2010,45.3694 INR
19/12/2010,45.5046 INR
18/12/2010,45.4431 INR
17/12/2010,45.4022 INR
16/12/2010,45.4489 INR
15/12/2010,45.3062 INR
14/12/2010,45.0112 INR
13/12/2010,45.0332 INR
12/12/2010,45.0245 INR
11/12/2010,45.0261 INR
10/12/2010,45.102 INR
9/12/2010,45.1683 INR
8/12/2010,45.0882 INR
7/12/2010,44.7899 INR
6/12/2010,44.8975 INR
5/12/2010,45.2336 INR
4/12/2010,45.0856 INR
3/12/2010,45.0558 INR
2/12/2010,45.1911 INR
1/12/2010,45.4792 INR
30/11/2010,45.9517 INR
29/11/2010,45.8879 INR
28/11/2010,45.7624 INR
27/11/2010,45.7721 INR
26/11/2010,45.7361 INR
25/11/2010,45.6186 INR
24/11/2010,45.709 INR
23/11/2010,45.6492 INR
22/11/2010,45.3478 INR
21/11/2010,45.4238 INR
20/11/2010,45.4295 INR
19/11/2010,45.35 INR
18/11/2010,45.2419 INR
17/11/2010,45.5738 INR
16/11/2010,45.357 INR
15/11/2010,45.1239 INR
14/11/2010,44.7857 INR
13/11/2010,44.7801 INR
12/11/2010,44.6898 INR
11/11/2010,44.3444 INR
10/11/2010,44.3277 INR
9/11/2010,44.3949 INR
8/11/2010,44.2843 INR
7/11/2010,43.9757 INR
6/11/2010,43.9768 INR
5/11/2010,44.1127 INR
4/11/2010,44.1447 INR
3/11/2010,44.2969 INR
2/11/2010,44.323 INR
1/11/2010,44.4105 INR
31/10/2010,43.7192 INR
30/10/2010,43.7192 INR
29/10/2010,44.3675 INR
28/10/2010,44.4678 INR
27/10/2010,44.5528 INR
26/10/2010,44.5369 INR
25/10/2010,44.4102 INR
24/10/2010,44.5305 INR
23/10/2010,44.5307 INR
22/10/2010,44.5779 INR
21/10/2010,44.4293 INR
20/10/2010,44.3789 INR
19/10/2010,44.5151 INR
18/10/2010,44.2545 INR
17/10/2010,44.1734 INR
16/10/2010,44.0931 INR
15/10/2010,43.8106 INR
14/10/2010,43.8386 INR
13/10/2010,44.3868 INR
12/10/2010,44.5806 INR
11/10/2010,44.4083 INR
10/10/2010,44.2996 INR
9/10/2010,44.3001 INR
8/10/2010,44.2927 INR
7/10/2010,44.3642 INR
6/10/2010,44.3695 INR
5/10/2010,44.6153 INR
4/10/2010,44.4088 INR
3/10/2010,44.4383 INR
2/10/2010,44.4383 INR
1/10/2010,44.6351 INR
30/09/2010,44.9156 INR
29/09/2010,44.8706 INR
28/09/2010,45.0948 INR
27/09/2010,45.0792 INR
26/09/2010,45.1885 INR
25/09/2010,45.1745 INR
24/09/2010,45.3639 INR
23/09/2010,45.5451 INR
22/09/2010,45.5493 INR
21/09/2010,45.6479 INR
20/09/2010,45.7696 INR
19/09/2010,45.8895 INR
18/09/2010,45.896 INR
17/09/2010,45.9234 INR
16/09/2010,46.1253 INR
15/09/2010,46.3552 INR
14/09/2010,46.2875 INR
13/09/2010,46.2739 INR
12/09/2010,46.4007 INR
11/09/2010,46.4085 INR
10/09/2010,46.5038 INR
9/09/2010,46.5573 INR
8/09/2010,46.6441 INR
7/09/2010,46.7482 INR
6/09/2010,46.4678 INR
5/09/2010,46.3842 INR
4/09/2010,46.3822 INR
3/09/2010,46.5907 INR
2/09/2010,46.7559 INR
1/09/2010,46.8387 INR
31/08/2010,47.0252 INR
30/08/2010,46.9103 INR
29/08/2010,46.9548 INR
28/08/2010,46.8131 INR
27/08/2010,46.7955 INR
26/08/2010,46.866 INR
25/08/2010,46.9274 INR
24/08/2010,46.9246 INR
23/08/2010,46.6071 INR
22/08/2010,46.5701 INR
21/08/2010,46.5698 INR
20/08/2010,46.6764 INR
19/08/2010,46.5958 INR
18/08/2010,46.5369 INR
17/08/2010,46.6026 INR
16/08/2010,46.6591 INR
15/08/2010,46.7028 INR
14/08/2010,46.6869 INR
13/08/2010,46.7154 INR
12/08/2010,46.7865 INR
11/08/2010,46.7215 INR
10/08/2010,46.3763 INR
9/08/2010,46.0769 INR
8/08/2010,46.117 INR
7/08/2010,46.1201 INR
6/08/2010,46.0911 INR
5/08/2010,46.1735 INR
4/08/2010,46.1361 INR
3/08/2010,46.0596 INR
2/08/2010,46.1555 INR
1/08/2010,46.4331 INR
31/07/2010,46.4346 INR
30/07/2010,46.5362 INR
29/07/2010,46.6993 INR
28/07/2010,46.7407 INR
27/07/2010,46.7886 INR
26/07/2010,46.8824 INR
25/07/2010,46.9611 INR
24/07/2010,46.9644 INR
23/07/2010,46.9389 INR
22/07/2010,47.0956 INR
21/07/2010,47.1821 INR
20/07/2010,47.2319 INR
19/07/2010,47.1013 INR
18/07/2010,47.1538 INR
17/07/2010,47.1558 INR
16/07/2010,46.8338 INR
15/07/2010,46.6493 INR
14/07/2010,46.5648 INR
13/07/2010,46.7209 INR
12/07/2010,46.7715 INR
11/07/2010,46.5727 INR
10/07/2010,46.6637 INR
9/07/2010,46.7228 INR
8/07/2010,46.7709 INR
7/07/2010,46.2487 INR
6/07/2010,46.8353 INR
5/07/2010,46.8624 INR
4/07/2010,46.8375 INR
3/07/2010,46.8196 INR
2/07/2010,46.761 INR
1/07/2010,46.6335 INR
30/06/2010,46.5675 INR
29/06/2010,46.4101 INR
28/06/2010,46.3317 INR
27/06/2010,46.3982 INR
26/06/2010,46.3903 INR
25/06/2010,46.2153 INR
24/06/2010,46.3799 INR
23/06/2010,46.1106 INR
22/06/2010,46.1425 INR
21/06/2010,45.8714 INR
20/06/2010,46.119 INR
19/06/2010,46.119 INR
18/06/2010,46.1313 INR
17/06/2010,46.3479 INR
16/06/2010,46.4886 INR
15/06/2010,46.5364 INR
14/06/2010,46.5647 INR
13/06/2010,46.9538 INR
12/06/2010,46.9538 INR
11/06/2010,46.8186 INR
10/06/2010,46.8934 INR
9/06/2010,46.9791 INR
8/06/2010,47.0503 INR
7/06/2010,47.5378 INR
6/06/2010,47.4329 INR
5/06/2010,47.3796 INR
4/06/2010,46.87 INR
3/06/2010,46.6836 INR
2/06/2010,46.987 INR
1/06/2010,46.5688 INR
31/05/2010,46.645 INR
30/05/2010,46.7993 INR
29/05/2010,46.7643 INR
28/05/2010,46.8258 INR
27/05/2010,46.747 INR
26/05/2010,47.5071 INR
25/05/2010,47.2499 INR
24/05/2010,46.8866 INR
23/05/2010,46.7652 INR
22/05/2010,46.7913 INR
21/05/2010,47.0543 INR
20/05/2010,46.72 INR
19/05/2010,46.1287 INR
18/05/2010,45.605 INR
17/05/2010,45.4394 INR
16/05/2010,45.2078 INR
15/05/2010,45.2014 INR
14/05/2010,45.2326 INR
13/05/2010,45.0545 INR
12/05/2010,45.0742 INR
11/05/2010,45.0745 INR
10/05/2010,45.2932 INR
9/05/2010,45.6701 INR
8/05/2010,45.7749 INR
7/05/2010,45.6405 INR
6/05/2010,45.3373 INR
5/05/2010,44.9778 INR
4/05/2010,44.6897 INR
3/05/2010,44.5644 INR
2/05/2010,44.5099 INR
1/05/2010,44.5069 INR
30/04/2010,44.4299 INR
29/04/2010,44.527 INR
28/04/2010,44.5611 INR
27/04/2010,44.4327 INR
26/04/2010,44.3314 INR
25/04/2010,44.2851 INR
24/04/2010,44.2373 INR
23/04/2010,44.4171 INR
22/04/2010,44.5041 INR
21/04/2010,44.3825 INR
20/04/2010,44.5132 INR
19/04/2010,44.5746 INR
18/04/2010,44.621 INR
17/04/2010,44.6192 INR
16/04/2010,44.4047 INR
15/04/2010,44.2559 INR
14/04/2010,44.3587 INR
13/04/2010,44.5588 INR
12/04/2010,44.3686 INR
11/04/2010,44.1025 INR
10/04/2010,44.1264 INR
9/04/2010,44.2759 INR
8/04/2010,44.4574 INR
7/04/2010,44.4853 INR
6/04/2010,44.4732 INR
5/04/2010,44.5267 INR
4/04/2010,44.6084 INR
3/04/2010,44.8304 INR
2/04/2010,44.7372 INR
1/04/2010,44.8362 INR
31/03/2010,45.0272 INR
30/03/2010,44.9575 INR
29/03/2010,45.0677 INR
28/03/2010,45.1932 INR
27/03/2010,45.1928 INR
26/03/2010,45.3175 INR
25/03/2010,45.5869 INR
24/03/2010,45.6221 INR
23/03/2010,45.5859 INR
22/03/2010,45.4421 INR
21/03/2010,45.3279 INR
20/03/2010,45.319 INR
19/03/2010,45.4139 INR
18/03/2010,45.3956 INR
17/03/2010,45.3933 INR
16/03/2010,45.5322 INR
15/03/2010,45.5741 INR
14/03/2010,45.4004 INR
13/03/2010,45.4003 INR
12/03/2010,45.3988 INR
11/03/2010,45.4939 INR
10/03/2010,45.4814 INR
9/03/2010,45.5372 INR
8/03/2010,45.4954 INR
7/03/2010,45.4513 INR
6/03/2010,45.4489 INR
5/03/2010,45.6047 INR
4/03/2010,45.777 INR
3/03/2010,45.7775 INR
2/03/2010,45.9341 INR
1/03/2010,46.0193 INR
28/02/2010,46.152 INR
27/02/2010,46.0901 INR
26/02/2010,46.1585 INR
25/02/2010,46.4277 INR
24/02/2010,46.2721 INR
23/02/2010,46.2265 INR
22/02/2010,46.1397 INR
21/02/2010,46.2078 INR
20/02/2010,46.2078 INR
19/02/2010,46.2737 INR
18/02/2010,46.203 INR
17/02/2010,46.0446 INR
16/02/2010,46.1305 INR
15/02/2010,46.3599 INR
14/02/2010,46.4683 INR
13/02/2010,46.4523 INR
12/02/2010,46.4004 INR
11/02/2010,46.421 INR
10/02/2010,46.4454 INR
9/02/2010,46.5761 INR
8/02/2010,46.7751 INR
7/02/2010,46.7238 INR
6/02/2010,46.7275 INR
5/02/2010,46.5892 INR
4/02/2010,46.1566 INR
3/02/2010,45.9925 INR
2/02/2010,46.1631 INR
1/02/2010,46.2486 INR
31/01/2010,46.2261 INR
30/01/2010,46.2277 INR
29/01/2010,46.2132 INR
28/01/2010,46.3039 INR
27/01/2010,46.281 INR
26/01/2010,45.9363 INR
25/01/2010,46.1264 INR
24/01/2010,46.2809 INR
23/01/2010,46.2764 INR
22/01/2010,46.1901 INR
21/01/2010,46.0486 INR
20/01/2010,45.9143 INR
19/01/2010,45.6995 INR
18/01/2010,45.6313 INR
17/01/2010,45.7672 INR
16/01/2010,45.7804 INR
15/01/2010,45.6878 INR
14/01/2010,45.5541 INR
13/01/2010,45.5724 INR
12/01/2010,45.5206 INR
11/01/2010,45.3538 INR
10/01/2010,45.5507 INR
9/01/2010,45.5656 INR
8/01/2010,45.6391 INR
7/01/2010,45.6983 INR
6/01/2010,45.9164 INR
5/01/2010,46.1963 INR
4/01/2010,46.3668 INR
3/01/2010,46.6373 INR
2/01/2010,46.6369 INR
1/01/2010,46.6087 INR
31/12/2009,46.5268 INR
30/12/2009,46.6224 INR
29/12/2009,46.6063 INR
28/12/2009,46.5157 INR
27/12/2009,46.5211 INR
26/12/2009,46.5116 INR
25/12/2009,46.5257 INR
24/12/2009,46.6927 INR
23/12/2009,46.7927 INR
22/12/2009,46.8003 INR
21/12/2009,46.797 INR
20/12/2009,46.7903 INR
19/12/2009,46.7889 INR
18/12/2009,46.7966 INR
17/12/2009,46.8355 INR
16/12/2009,46.617 INR
15/12/2009,46.6192 INR
14/12/2009,46.6191 INR
13/12/2009,46.4687 INR
12/12/2009,46.4731 INR
11/12/2009,46.5229 INR
10/12/2009,46.5983 INR
9/12/2009,46.6279 INR
8/12/2009,46.5816 INR
7/12/2009,46.4361 INR
6/12/2009,46.2102 INR
5/12/2009,46.2237 INR
4/12/2009,46.1765 INR
3/12/2009,46.0995 INR
2/12/2009,46.2285 INR
1/12/2009,46.3065 INR
30/11/2009,46.4282 INR
29/11/2009,46.5841 INR
28/11/2009,46.5996 INR
27/11/2009,46.6095 INR
26/11/2009,46.4163 INR
25/11/2009,46.1863 INR
24/11/2009,46.4878 INR
23/11/2009,46.4928 INR
22/11/2009,46.5379 INR
21/11/2009,46.5317 INR
20/11/2009,46.5864 INR
19/11/2009,46.5655 INR
18/11/2009,46.2057 INR
17/11/2009,46.1903 INR
16/11/2009,46.0968 INR
15/11/2009,46.2397 INR
14/11/2009,46.2542 INR
13/11/2009,46.3893 INR
12/11/2009,46.5391 INR
11/11/2009,46.3875 INR
10/11/2009,46.4007 INR
9/11/2009,46.5021 INR
8/11/2009,46.8237 INR
7/11/2009,46.8494 INR
6/11/2009,46.8232 INR
5/11/2009,47.0022 INR
4/11/2009,47.1597 INR
3/11/2009,47.1884 INR
2/11/2009,47.0005 INR
1/11/2009,47.0896 INR
31/10/2009,47.169 INR
30/10/2009,47.1715 INR
29/10/2009,47.3255 INR
28/10/2009,47.0184 INR
27/10/2009,46.6824 INR
26/10/2009,46.5864 INR
25/10/2009,46.4574 INR
24/10/2009,46.5896 INR
23/10/2009,46.6254 INR
22/10/2009,46.5837 INR
21/10/2009,46.3511 INR
20/10/2009,46.1605 INR
19/10/2009,46.1485 INR
18/10/2009,46.2748 INR
17/10/2009,46.2862 INR
16/10/2009,46.2408 INR
15/10/2009,46.0664 INR
14/10/2009,46.1307 INR
13/10/2009,46.2294 INR
12/10/2009,46.4776 INR
11/10/2009,46.4545 INR
10/10/2009,46.4921 INR
9/10/2009,46.4869 INR
8/10/2009,46.353 INR
7/10/2009,46.6848 INR
6/10/2009,46.7891 INR
